,mean_fit_time,std_fit_time,mean_score_time,std_score_time,param_C,param_kernel,param_gamma,param_degree,params,split0_test_accuracy,split1_test_accuracy,split2_test_accuracy,split3_test_accuracy,split4_test_accuracy,mean_test_accuracy,std_test_accuracy,rank_test_accuracy,split0_test_precision,split1_test_precision,split2_test_precision,split3_test_precision,split4_test_precision,mean_test_precision,std_test_precision,rank_test_precision,split0_test_recall,split1_test_recall,split2_test_recall,split3_test_recall,split4_test_recall,mean_test_recall,std_test_recall,rank_test_recall,split0_test_f1,split1_test_f1,split2_test_f1,split3_test_f1,split4_test_f1,mean_test_f1,std_test_f1,rank_test_f1
0,0.0045511722564697266,0.0035704146787704258,0.006586599349975586,0.002258963319570963,0.1,linear,,,"{'C': 0.1, 'kernel': 'linear'}",1.0,0.9354838709677419,1.0,0.9666666666666667,0.9,0.9604301075268818,0.03858642265032448,36,1.0,0.8888888888888888,1.0,1.0,0.875,0.9527777777777778,0.05800170282728085,77,1.0,0.8888888888888888,1.0,0.8888888888888888,0.7777777777777778,0.9111111111111111,0.08314794192830981,3,1.0,0.8888888888888888,1.0,0.9411764705882353,0.823529411764706,0.9307189542483659,0.06774723409071862,19
1,0.0022621631622314455,0.00012133762144436902,0.0050048828125,0.00019078552050229023,1,linear,,,"{'C': 1, 'kernel': 'linear'}",1.0,0.9354838709677419,1.0,0.9666666666666667,0.9,0.9604301075268818,0.03858642265032448,36,1.0,0.8888888888888888,1.0,1.0,0.875,0.9527777777777778,0.05800170282728085,77,1.0,0.8888888888888888,1.0,0.8888888888888888,0.7777777777777778,0.9111111111111111,0.08314794192830981,3,1.0,0.8888888888888888,1.0,0.9411764705882353,0.823529411764706,0.9307189542483659,0.06774723409071862,19
2,0.0022768020629882813,0.0003416425466173688,0.004937028884887696,0.0004548995649685077,10,linear,,,"{'C': 10, 'kernel': 'linear'}",1.0,0.9354838709677419,1.0,0.9666666666666667,0.9,0.9604301075268818,0.03858642265032448,36,1.0,0.8888888888888888,1.0,1.0,0.875,0.9527777777777778,0.05800170282728085,77,1.0,0.8888888888888888,1.0,0.8888888888888888,0.7777777777777778,0.9111111111111111,0.08314794192830981,3,1.0,0.8888888888888888,1.0,0.9411764705882353,0.823529411764706,0.9307189542483659,0.06774723409071862,19
3,0.002187633514404297,0.0003202243808110369,0.00480036735534668,0.0002290098706401035,100,linear,,,"{'C': 100, 'kernel': 'linear'}",1.0,0.9354838709677419,1.0,0.9666666666666667,0.9,0.9604301075268818,0.03858642265032448,36,1.0,0.8888888888888888,1.0,1.0,0.875,0.9527777777777778,0.05800170282728085,77,1.0,0.8888888888888888,1.0,0.8888888888888888,0.7777777777777778,0.9111111111111111,0.08314794192830981,3,1.0,0.8888888888888888,1.0,0.9411764705882353,0.823529411764706,0.9307189542483659,0.06774723409071862,19
4,0.0021557331085205076,0.00013953793558879452,0.004940462112426758,0.0001142665806690847,1000,linear,,,"{'C': 1000, 'kernel': 'linear'}",1.0,0.9354838709677419,1.0,0.9666666666666667,0.9,0.9604301075268818,0.03858642265032448,36,1.0,0.8888888888888888,1.0,1.0,0.875,0.9527777777777778,0.05800170282728085,77,1.0,0.8888888888888888,1.0,0.8888888888888888,0.7777777777777778,0.9111111111111111,0.08314794192830981,3,1.0,0.8888888888888888,1.0,0.9411764705882353,0.823529411764706,0.9307189542483659,0.06774723409071862,19
5,0.00299983024597168,4.96092634552965e-05,0.0059278011322021484,0.00015101930407127135,0.1,rbf,0.001,,"{'C': 0.1, 'gamma': 0.001, 'kernel': 'rbf'}",0.9354838709677419,0.7741935483870968,0.8064516129032258,0.9333333333333333,0.7666666666666667,0.8432258064516128,0.075643919409604,112,1.0,0.625,0.6666666666666666,1.0,0.75,0.8083333333333332,0.1615893285805443,112,0.7777777777777778,0.5555555555555556,0.6666666666666666,0.7777777777777778,0.3333333333333333,0.6222222222222222,0.16629588385661961,120,0.8750000000000001,0.5882352941176471,0.6666666666666666,0.8750000000000001,0.46153846153846156,0.693288084464555,0.1621672697351405,112
6,0.0030103683471679687,7.056394093977366e-05,0.005130290985107422,8.193388976929106e-05,0.1,sigmoid,0.001,,"{'C': 0.1, 'gamma': 0.001, 'kernel': 'sigmoid'}",0.8064516129032258,0.8709677419354839,0.8064516129032258,0.8333333333333334,0.8,0.8234408602150538,0.026394728589361316,115,1.0,1.0,0.7142857142857143,1.0,1.0,0.9428571428571428,0.11428571428571428,104,0.3333333333333333,0.5555555555555556,0.5555555555555556,0.4444444444444444,0.3333333333333333,0.4444444444444445,0.09938079899999068,125,0.5,0.7142857142857143,0.6250000000000001,0.6153846153846153,0.5,0.5909340659340659,0.08186813186813188,115
7,0.003007793426513672,0.00023354258296793008,0.007619667053222656,0.0020068734387678412,0.1,rbf,0.01,,"{'C': 0.1, 'gamma': 0.01, 'kernel': 'rbf'}",0.7096774193548387,0.7419354838709677,0.7419354838709677,0.7,0.7,0.7187096774193549,0.019290214693840086,117,0.0,1.0,1.0,0.0,0.0,0.4,0.48989794855663565,118,0.0,0.1111111111111111,0.1111111111111111,0.0,0.0,0.04444444444444444,0.05443310539518174,131,0.0,0.19999999999999998,0.19999999999999998,0.0,0.0,0.07999999999999999,0.09797958971132711,131
8,0.0042572021484375,0.0005547041763064775,0.006728935241699219,0.0007224277046793828,0.1,sigmoid,0.01,,"{'C': 0.1, 'gamma': 0.01, 'kernel': 'sigmoid'}",0.7096774193548387,0.7419354838709677,0.7419354838709677,0.7,0.7,0.7187096774193549,0.019290214693840086,117,0.0,1.0,1.0,0.0,0.0,0.4,0.48989794855663565,118,0.0,0.1111111111111111,0.1111111111111111,0.0,0.0,0.04444444444444444,0.05443310539518174,131,0.0,0.19999999999999998,0.19999999999999998,0.0,0.0,0.07999999999999999,0.09797958971132711,131
9,0.0037361621856689454,0.0005281805678679772,0.007470703125,0.0006148794465549742,0.1,rbf,0.1,,"{'C': 0.1, 'gamma': 0.1, 'kernel': 'rbf'}",0.7096774193548387,0.7096774193548387,0.7096774193548387,0.7,0.7,0.7058064516129032,0.004740947889257803,120,0.0,0.0,0.0,0.0,0.0,0.0,0.0,133,0.0,0.0,0.0,0.0,0.0,0.0,0.0,133,0.0,0.0,0.0,0.0,0.0,0.0,0.0,133
10,0.003960609436035156,0.0003651861975736013,0.007860565185546875,0.0014518336575813247,0.1,sigmoid,0.1,,"{'C': 0.1, 'gamma': 0.1, 'kernel': 'sigmoid'}",0.7096774193548387,0.7419354838709677,0.7096774193548387,0.7,0.3,0.632258064516129,0.16673394410420833,134,0.0,1.0,0.0,0.0,0.2857142857142857,0.2571428571428571,0.3875617133214439,129,0.0,0.1111111111111111,0.0,0.0,0.8888888888888888,0.2,0.34712220781807357,129,0.0,0.19999999999999998,0.0,0.0,0.43243243243243246,0.12648648648648647,0.17146641204676186,130
11,0.003543233871459961,0.0003451025579694433,0.008512783050537109,0.0007920043053402586,0.1,rbf,1,,"{'C': 0.1, 'gamma': 1, 'kernel': 'rbf'}",0.7096774193548387,0.7096774193548387,0.7096774193548387,0.7,0.7,0.7058064516129032,0.004740947889257803,120,0.0,0.0,0.0,0.0,0.0,0.0,0.0,133,0.0,0.0,0.0,0.0,0.0,0.0,0.0,133,0.0,0.0,0.0,0.0,0.0,0.0,0.0,133
12,0.003474140167236328,0.00041473887632995153,0.007046413421630859,0.0006366800625819557,0.1,sigmoid,1,,"{'C': 0.1, 'gamma': 1, 'kernel': 'sigmoid'}",0.7096774193548387,0.7419354838709677,0.7096774193548387,0.7,0.3333333333333333,0.6389247311827957,0.1534531797241143,133,0.0,1.0,0.0,0.0,0.3103448275862069,0.26206896551724135,0.3880497902520055,127,0.0,0.1111111111111111,0.0,0.0,1.0,0.22222222222222224,0.39126259692575577,128,0.0,0.19999999999999998,0.0,0.0,0.4736842105263158,0.13473684210526315,0.1863366030598637,129
13,0.003006649017333984,0.0005352801439600559,0.007246589660644532,0.0008825474250562621,1,rbf,0.001,,"{'C': 1, 'gamma': 0.001, 'kernel': 'rbf'}",1.0,0.9354838709677419,0.967741935483871,0.9666666666666667,0.8333333333333334,0.9406451612903226,0.057405257824111364,99,1.0,1.0,1.0,1.0,0.75,0.95,0.09999999999999999,103,1.0,0.7777777777777778,0.8888888888888888,0.8888888888888888,0.6666666666666666,0.8444444444444444,0.11331154474650633,85,1.0,0.8750000000000001,0.9411764705882353,0.9411764705882353,0.7058823529411765,0.8926470588235296,0.10141729205627448,82
14,0.0026973724365234376,0.00044726841482704166,0.00559234619140625,0.0007317601041739118,1,sigmoid,0.001,,"{'C': 1, 'gamma': 0.001, 'kernel': 'sigmoid'}",1.0,0.9032258064516129,0.8709677419354839,0.9666666666666667,0.8666666666666667,0.921505376344086,0.053096944041328045,105,1.0,0.875,0.8571428571428571,1.0,0.8571428571428571,0.9178571428571429,0.06738557951469004,106,1.0,0.7777777777777778,0.6666666666666666,0.8888888888888888,0.6666666666666666,0.7999999999999999,0.12957670877434002,110,1.0,0.823529411764706,0.75,0.9411764705882353,0.75,0.8529411764705882,0.10145993123917846,106
15,0.0030005931854248046,0.00016142685174388747,0.0057013511657714845,8.790107278350693e-05,1,rbf,0.01,,"{'C': 1, 'gamma': 0.01, 'kernel': 'rbf'}",0.967741935483871,0.9354838709677419,0.9354838709677419,0.9,0.9,0.927741935483871,0.025530785725689512,100,0.9,1.0,1.0,1.0,0.875,0.9550000000000001,0.055677643628300216,73,1.0,0.7777777777777778,0.7777777777777778,0.6666666666666666,0.7777777777777778,0.7999999999999999,0.10886621079036347,110,0.9473684210526316,0.8750000000000001,0.8750000000000001,0.8,0.823529411764706,0.8641795665634675,0.05084486389039903,101
16,0.0032776832580566407,0.000500999838357347,0.00613698959350586,0.0012813608768412273,1,sigmoid,0.01,,"{'C': 1, 'gamma': 0.01, 'kernel': 'sigmoid'}",0.7096774193548387,0.7419354838709677,0.7419354838709677,0.7333333333333333,0.6666666666666666,0.7187096774193548,0.028575458480641885,119,0.0,1.0,1.0,1.0,0.4,0.6799999999999999,0.41182520563948,117,0.0,0.1111111111111111,0.1111111111111111,0.1111111111111111,0.2222222222222222,0.11111111111111112,0.07027283689263066,130,0.0,0.19999999999999998,0.19999999999999998,0.19999999999999998,0.2857142857142857,0.17714285714285713,0.0945882591842677,128
17,0.0037337303161621093,0.0004032087359602485,0.0073645591735839845,0.0006391745789485156,1,rbf,0.1,,"{'C': 1, 'gamma': 0.1, 'kernel': 'rbf'}",0.7096774193548387,0.7096774193548387,0.7096774193548387,0.7,0.7,0.7058064516129032,0.004740947889257803,120,0.0,0.0,0.0,0.0,0.0,0.0,0.0,133,0.0,0.0,0.0,0.0,0.0,0.0,0.0,133,0.0,0.0,0.0,0.0,0.0,0.0,0.0,133
18,0.0034089088439941406,0.00016034162612417376,0.006033468246459961,0.0005391967687704292,1,sigmoid,0.1,,"{'C': 1, 'gamma': 0.1, 'kernel': 'sigmoid'}",0.3548387096774194,0.2903225806451613,0.3225806451612903,0.3,0.3,0.31354838709677424,0.023207878385296712,144,0.3103448275862069,0.27586206896551724,0.2857142857142857,0.3,0.2857142857142857,0.2915270935960591,0.012156214238571182,124,1.0,0.8888888888888888,0.8888888888888888,1.0,0.8888888888888888,0.9333333333333332,0.054433105395181765,2,0.4736842105263158,0.42105263157894735,0.43243243243243246,0.4615384615384615,0.43243243243243246,0.4442280337017179,0.019913256625540394,118
19,0.003866147994995117,0.0005993175469411807,0.00824880599975586,0.0010090026263911158,1,rbf,1,,"{'C': 1, 'gamma': 1, 'kernel': 'rbf'}",0.7096774193548387,0.7096774193548387,0.7096774193548387,0.7,0.7,0.7058064516129032,0.004740947889257803,120,0.0,0.0,0.0,0.0,0.0,0.0,0.0,133,0.0,0.0,0.0,0.0,0.0,0.0,0.0,133,0.0,0.0,0.0,0.0,0.0,0.0,0.0,133
20,0.003643369674682617,0.00043832262335011723,0.006979799270629883,0.0010391311957690314,1,sigmoid,1,,"{'C': 1, 'gamma': 1, 'kernel': 'sigmoid'}",0.3548387096774194,0.2903225806451613,0.3548387096774194,0.3,0.3333333333333333,0.32666666666666666,0.027069452004403555,141,0.3103448275862069,0.27586206896551724,0.3103448275862069,0.3,0.3103448275862069,0.30137931034482757,0.013372909951493327,122,1.0,0.8888888888888888,1.0,1.0,1.0,0.9777777777777779,0.04444444444444447,1,0.4736842105263158,0.42105263157894735,0.4736842105263158,0.4615384615384615,0.4736842105263158,0.4607287449392713,0.020388143015407586,117
21,0.00271759033203125,0.0002736356778224769,0.00607142448425293,0.0006396796087468961,10,rbf,0.001,,"{'C': 10, 'gamma': 0.001, 'kernel': 'rbf'}",0.967741935483871,0.9354838709677419,1.0,0.9666666666666667,0.9,0.953978494623656,0.033835277321814544,58,1.0,0.8888888888888888,1.0,1.0,0.875,0.9527777777777778,0.05800170282728085,77,0.8888888888888888,0.8888888888888888,1.0,0.8888888888888888,0.7777777777777778,0.888888888888889,0.07027283689263066,28,0.9411764705882353,0.8888888888888888,1.0,0.9411764705882353,0.823529411764706,0.918954248366013,0.05927207345754055,41
22,0.002493762969970703,0.00022052626196123723,0.0051767826080322266,0.0005421173374352256,10,sigmoid,0.001,,"{'C': 10, 'gamma': 0.001, 'kernel': 'sigmoid'}",1.0,0.967741935483871,0.967741935483871,0.9333333333333333,0.8666666666666667,0.9470967741935485,0.04540843791903365,81,1.0,1.0,0.9,0.8888888888888888,0.8571428571428571,0.9292063492063491,0.059489725691391354,105,1.0,0.8888888888888888,1.0,0.8888888888888888,0.6666666666666666,0.888888888888889,0.12171612389003693,28,1.0,0.9411764705882353,0.9473684210526316,0.8888888888888888,0.75,0.9054867561059512,0.08533721740297805,80
23,0.003471565246582031,0.00036932896874507644,0.007557392120361328,0.0006431251614524231,10,rbf,0.01,,"{'C': 10, 'gamma': 0.01, 'kernel': 'rbf'}",0.967741935483871,0.9354838709677419,0.9354838709677419,0.9,0.9,0.927741935483871,0.025530785725689512,100,0.9,1.0,1.0,1.0,0.875,0.9550000000000001,0.055677643628300216,73,1.0,0.7777777777777778,0.7777777777777778,0.6666666666666666,0.7777777777777778,0.7999999999999999,0.10886621079036347,110,0.9473684210526316,0.8750000000000001,0.8750000000000001,0.8,0.823529411764706,0.8641795665634675,0.05084486389039903,101
24,0.0034067630767822266,0.00037981625673349904,0.006690454483032226,0.0006460750469345749,10,sigmoid,0.01,,"{'C': 10, 'gamma': 0.01, 'kernel': 'sigmoid'}",0.5483870967741935,0.2903225806451613,0.45161290322580644,0.43333333333333335,0.3333333333333333,0.41139784946236563,0.09123350182748582,137,0.35294117647058826,0.15789473684210525,0.3181818181818182,0.3,0.17647058823529413,0.2610976639459612,0.07876523257667507,128,0.6666666666666666,0.3333333333333333,0.7777777777777778,0.6666666666666666,0.3333333333333333,0.5555555555555556,0.18592445034090566,121,0.46153846153846156,0.21428571428571427,0.45161290322580644,0.41379310344827586,0.23076923076923078,0.3543998826534978,0.10897074781186314,127
25,0.0036704540252685547,0.0003154631174639857,0.007532787322998047,0.0004238338158405746,10,rbf,0.1,,"{'C': 10, 'gamma': 0.1, 'kernel': 'rbf'}",0.7096774193548387,0.7096774193548387,0.7096774193548387,0.7,0.7,0.7058064516129032,0.004740947889257803,120,0.0,0.0,0.0,0.0,0.0,0.0,0.0,133,0.0,0.0,0.0,0.0,0.0,0.0,0.0,133,0.0,0.0,0.0,0.0,0.0,0.0,0.0,133
26,0.0034598350524902345,0.0001628057533441833,0.006791067123413086,0.0005425768539817603,10,sigmoid,0.1,,"{'C': 10, 'gamma': 0.1, 'kernel': 'sigmoid'}",0.3548387096774194,0.2903225806451613,0.2903225806451613,0.3,0.3,0.3070967741935484,0.024260123454146024,145,0.3103448275862069,0.27586206896551724,0.25925925925925924,0.3,0.2857142857142857,0.2862360883050538,0.01792383014558957,125,1.0,0.8888888888888888,0.7777777777777778,1.0,0.8888888888888888,0.9111111111111111,0.08314794192830981,3,0.4736842105263158,0.42105263157894735,0.3888888888888889,0.4615384615384615,0.43243243243243246,0.43551932499300927,0.030089086558480766,120
27,0.0042095184326171875,0.0005136277739418559,0.00791788101196289,0.0012034317157971737,10,rbf,1,,"{'C': 10, 'gamma': 1, 'kernel': 'rbf'}",0.7096774193548387,0.7096774193548387,0.7096774193548387,0.7,0.7,0.7058064516129032,0.004740947889257803,120,0.0,0.0,0.0,0.0,0.0,0.0,0.0,133,0.0,0.0,0.0,0.0,0.0,0.0,0.0,133,0.0,0.0,0.0,0.0,0.0,0.0,0.0,133
28,0.003255271911621094,0.0001904021938280727,0.006446456909179688,0.0006254780007136543,10,sigmoid,1,,"{'C': 10, 'gamma': 1, 'kernel': 'sigmoid'}",0.3548387096774194,0.2903225806451613,0.3225806451612903,0.3,0.7,0.3935483870967742,0.15482526823378298,138,0.3103448275862069,0.27586206896551724,0.2857142857142857,0.3,0.0,0.23438423645320197,0.11778505395500764,130,1.0,0.8888888888888888,0.8888888888888888,1.0,0.0,0.7555555555555555,0.38103173776627214,117,0.4736842105263158,0.42105263157894735,0.43243243243243246,0.4615384615384615,0.0,0.35774154721523144,0.17987914661821017,124
29,0.002560997009277344,0.0004247788573930104,0.006558942794799805,0.0007917870803247502,100,rbf,0.001,,"{'C': 100, 'gamma': 0.001, 'kernel': 'rbf'}",0.967741935483871,0.9354838709677419,1.0,0.9666666666666667,0.9,0.953978494623656,0.033835277321814544,58,1.0,0.8888888888888888,1.0,1.0,0.875,0.9527777777777778,0.05800170282728085,77,0.8888888888888888,0.8888888888888888,1.0,0.8888888888888888,0.7777777777777778,0.888888888888889,0.07027283689263066,28,0.9411764705882353,0.8888888888888888,1.0,0.9411764705882353,0.823529411764706,0.918954248366013,0.05927207345754055,41
30,0.0021976470947265626,0.0002834703902699307,0.005664539337158203,0.000503580166742235,100,sigmoid,0.001,,"{'C': 100, 'gamma': 0.001, 'kernel': 'sigmoid'}",0.9354838709677419,0.8709677419354839,0.8387096774193549,0.9,0.8,0.869032258064516,0.04703929324789206,110,0.8888888888888888,0.7272727272727273,0.7,0.8,0.6666666666666666,0.7565656565656564,0.07941732505714814,114,0.8888888888888888,0.8888888888888888,0.7777777777777778,0.8888888888888888,0.6666666666666666,0.8222222222222222,0.08888888888888888,90,0.8888888888888888,0.7999999999999999,0.7368421052631577,0.8421052631578948,0.6666666666666666,0.7869005847953215,0.07820845453701517,110
31,0.0033879756927490236,0.0003607165914280562,0.006616640090942383,0.00020994281794574864,100,rbf,0.01,,"{'C': 100, 'gamma': 0.01, 'kernel': 'rbf'}",0.967741935483871,0.9354838709677419,0.9354838709677419,0.9,0.9,0.927741935483871,0.025530785725689512,100,0.9,1.0,1.0,1.0,0.875,0.9550000000000001,0.055677643628300216,73,1.0,0.7777777777777778,0.7777777777777778,0.6666666666666666,0.7777777777777778,0.7999999999999999,0.10886621079036347,110,0.9473684210526316,0.8750000000000001,0.8750000000000001,0.8,0.823529411764706,0.8641795665634675,0.05084486389039903,101
32,0.0026992321014404296,0.00031004612785674214,0.005351114273071289,0.000632242331423115,100,sigmoid,0.01,,"{'C': 100, 'gamma': 0.01, 'kernel': 'sigmoid'}",0.5161290322580645,0.41935483870967744,0.6774193548387096,0.5333333333333333,0.4,0.5092473118279569,0.09891912092553343,136,0.3125,0.2,0.45454545454545453,0.3684210526315789,0.2,0.3070933014354067,0.09845853273089816,121,0.5555555555555556,0.3333333333333333,0.5555555555555556,0.7777777777777778,0.3333333333333333,0.5111111111111112,0.16629588385661961,123,0.39999999999999997,0.25,0.5,0.5,0.25,0.38,0.11224972160321824,123
33,0.003723001480102539,0.0003926689753096614,0.007497453689575195,0.0005080070461088117,100,rbf,0.1,,"{'C': 100, 'gamma': 0.1, 'kernel': 'rbf'}",0.7096774193548387,0.7096774193548387,0.7096774193548387,0.7,0.7,0.7058064516129032,0.004740947889257803,120,0.0,0.0,0.0,0.0,0.0,0.0,0.0,133,0.0,0.0,0.0,0.0,0.0,0.0,0.0,133,0.0,0.0,0.0,0.0,0.0,0.0,0.0,133
34,0.0030705928802490234,0.0003561859626939124,0.006251764297485351,0.0005480483729690446,100,sigmoid,0.1,,"{'C': 100, 'gamma': 0.1, 'kernel': 'sigmoid'}",0.41935483870967744,0.2903225806451613,0.2903225806451613,0.3,0.3333333333333333,0.32666666666666666,0.04896618827253656,141,0.3333333333333333,0.27586206896551724,0.25925925925925924,0.3,0.2962962962962963,0.29295019157088126,0.024975096430361454,123,1.0,0.8888888888888888,0.7777777777777778,1.0,0.8888888888888888,0.9111111111111111,0.08314794192830981,3,0.5,0.42105263157894735,0.3888888888888889,0.4615384615384615,0.4444444444444444,0.44318488529014843,0.037428035987483954,119
35,0.003937196731567383,0.0003799053360770367,0.007317113876342774,0.0006145014795792945,100,rbf,1,,"{'C': 100, 'gamma': 1, 'kernel': 'rbf'}",0.7096774193548387,0.7096774193548387,0.7096774193548387,0.7,0.7,0.7058064516129032,0.004740947889257803,120,0.0,0.0,0.0,0.0,0.0,0.0,0.0,133,0.0,0.0,0.0,0.0,0.0,0.0,0.0,133,0.0,0.0,0.0,0.0,0.0,0.0,0.0,133
36,0.003119754791259766,0.0002573841981654715,0.0063399791717529295,0.0005575804613414563,100,sigmoid,1,,"{'C': 100, 'gamma': 1, 'kernel': 'sigmoid'}",0.3548387096774194,0.2903225806451613,0.3225806451612903,0.3,0.7,0.3935483870967742,0.15482526823378298,138,0.3103448275862069,0.27586206896551724,0.2857142857142857,0.3,0.0,0.23438423645320197,0.11778505395500764,130,1.0,0.8888888888888888,0.8888888888888888,1.0,0.0,0.7555555555555555,0.38103173776627214,117,0.4736842105263158,0.42105263157894735,0.43243243243243246,0.4615384615384615,0.0,0.35774154721523144,0.17987914661821017,124
37,0.002427959442138672,0.00033886534553755185,0.006193971633911133,0.0007504151599972642,1000,rbf,0.001,,"{'C': 1000, 'gamma': 0.001, 'kernel': 'rbf'}",0.967741935483871,0.9354838709677419,1.0,0.9666666666666667,0.9,0.953978494623656,0.033835277321814544,58,1.0,0.8888888888888888,1.0,1.0,0.875,0.9527777777777778,0.05800170282728085,77,0.8888888888888888,0.8888888888888888,1.0,0.8888888888888888,0.7777777777777778,0.888888888888889,0.07027283689263066,28,0.9411764705882353,0.8888888888888888,1.0,0.9411764705882353,0.823529411764706,0.918954248366013,0.05927207345754055,41
38,0.0021011829376220703,0.000318098350579673,0.005074405670166015,0.000514156696727891,1000,sigmoid,0.001,,"{'C': 1000, 'gamma': 0.001, 'kernel': 'sigmoid'}",0.9354838709677419,0.8709677419354839,0.8064516129032258,0.9,0.9,0.8825806451612903,0.04321136012810414,109,0.8181818181818182,0.7777777777777778,0.6363636363636364,0.8,0.875,0.7814646464646465,0.0793832079518333,113,1.0,0.7777777777777778,0.7777777777777778,0.8888888888888888,0.7777777777777778,0.8444444444444444,0.08888888888888888,85,0.9,0.7777777777777778,0.7000000000000001,0.8421052631578948,0.823529411764706,0.8086824905400757,0.06699759003753784,109
39,0.0029111385345458986,3.2030682060829883e-05,0.005774259567260742,9.999571947270734e-05,1000,rbf,0.01,,"{'C': 1000, 'gamma': 0.01, 'kernel': 'rbf'}",0.967741935483871,0.9354838709677419,0.9354838709677419,0.9,0.9,0.927741935483871,0.025530785725689512,100,0.9,1.0,1.0,1.0,0.875,0.9550000000000001,0.055677643628300216,73,1.0,0.7777777777777778,0.7777777777777778,0.6666666666666666,0.7777777777777778,0.7999999999999999,0.10886621079036347,110,0.9473684210526316,0.8750000000000001,0.8750000000000001,0.8,0.823529411764706,0.8641795665634675,0.05084486389039903,101
40,0.002206850051879883,0.0002423994271713605,0.004637956619262695,0.0002034171332838853,1000,sigmoid,0.01,,"{'C': 1000, 'gamma': 0.01, 'kernel': 'sigmoid'}",0.5161290322580645,0.3870967741935484,0.6774193548387096,0.5333333333333333,0.43333333333333335,0.5094623655913978,0.09959195278043047,135,0.3125,0.1875,0.45454545454545453,0.3684210526315789,0.21428571428571427,0.30745044429254953,0.09843539113408625,120,0.5555555555555556,0.3333333333333333,0.5555555555555556,0.7777777777777778,0.3333333333333333,0.5111111111111112,0.16629588385661961,123,0.39999999999999997,0.24000000000000005,0.5,0.5,0.2608695652173913,0.3801739130434783,0.11224251357017974,122
41,0.0036942481994628905,0.0006703347429783046,0.006831026077270508,0.000862066176942388,1000,rbf,0.1,,"{'C': 1000, 'gamma': 0.1, 'kernel': 'rbf'}",0.7096774193548387,0.7096774193548387,0.7096774193548387,0.7,0.7,0.7058064516129032,0.004740947889257803,120,0.0,0.0,0.0,0.0,0.0,0.0,0.0,133,0.0,0.0,0.0,0.0,0.0,0.0,0.0,133,0.0,0.0,0.0,0.0,0.0,0.0,0.0,133
42,0.0032779216766357423,0.0003666735622791788,0.006396579742431641,0.0004344946726876979,1000,sigmoid,0.1,,"{'C': 1000, 'gamma': 0.1, 'kernel': 'sigmoid'}",0.45161290322580644,0.3225806451612903,0.2903225806451613,0.26666666666666666,0.3,0.32623655913978494,0.06520634377031304,143,0.34615384615384615,0.2692307692307692,0.25925925925925924,0.27586206896551724,0.2692307692307692,0.2839473425680322,0.03155210692376153,126,1.0,0.7777777777777778,0.7777777777777778,0.8888888888888888,0.7777777777777778,0.8444444444444444,0.08888888888888888,85,0.5142857142857142,0.39999999999999997,0.3888888888888889,0.42105263157894735,0.39999999999999997,0.42484544695071,0.045916039475145304,121
43,0.003849029541015625,0.00032118814419618063,0.007640171051025391,0.0007874103314716756,1000,rbf,1,,"{'C': 1000, 'gamma': 1, 'kernel': 'rbf'}",0.7096774193548387,0.7096774193548387,0.7096774193548387,0.7,0.7,0.7058064516129032,0.004740947889257803,120,0.0,0.0,0.0,0.0,0.0,0.0,0.0,133,0.0,0.0,0.0,0.0,0.0,0.0,0.0,133,0.0,0.0,0.0,0.0,0.0,0.0,0.0,133
44,0.0031919002532958983,0.0003457625245756772,0.006432867050170899,0.0006873605171094671,1000,sigmoid,1,,"{'C': 1000, 'gamma': 1, 'kernel': 'sigmoid'}",0.3548387096774194,0.2903225806451613,0.3225806451612903,0.3,0.7,0.3935483870967742,0.15482526823378298,138,0.3103448275862069,0.27586206896551724,0.2857142857142857,0.3,0.0,0.23438423645320197,0.11778505395500764,130,1.0,0.8888888888888888,0.8888888888888888,1.0,0.0,0.7555555555555555,0.38103173776627214,117,0.4736842105263158,0.42105263157894735,0.43243243243243246,0.4615384615384615,0.0,0.35774154721523144,0.17987914661821017,124
45,0.0032695770263671876,0.0003756508060898657,0.006337356567382812,0.000614265828472873,0.1,poly,0.001,2,"{'C': 0.1, 'degree': 2, 'gamma': 0.001, 'kernel': 'poly'}",0.9032258064516129,0.8064516129032258,0.8064516129032258,0.8666666666666667,0.7666666666666667,0.8298924731182795,0.04863449299748525,113,1.0,0.7142857142857143,0.6666666666666666,1.0,0.75,0.8261904761904763,0.144357203725944,111,0.6666666666666666,0.5555555555555556,0.6666666666666666,0.5555555555555556,0.3333333333333333,0.5555555555555556,0.12171612389003691,121,0.8,0.6250000000000001,0.6666666666666666,0.7142857142857143,0.46153846153846156,0.6534981684981686,0.1122425912068002,113
46,0.0022656917572021484,0.0002787343440730321,0.004933977127075195,0.000180072904630592,0.1,poly,0.01,2,"{'C': 0.1, 'degree': 2, 'gamma': 0.01, 'kernel': 'poly'}",0.967741935483871,0.9354838709677419,1.0,0.9666666666666667,0.9,0.953978494623656,0.033835277321814544,58,1.0,0.8888888888888888,1.0,1.0,0.875,0.9527777777777778,0.05800170282728085,77,0.8888888888888888,0.8888888888888888,1.0,0.8888888888888888,0.7777777777777778,0.888888888888889,0.07027283689263066,28,0.9411764705882353,0.8888888888888888,1.0,0.9411764705882353,0.823529411764706,0.918954248366013,0.05927207345754055,41
47,0.0019800662994384766,8.536144308074123e-05,0.005020761489868164,0.0002953138254720675,0.1,poly,0.1,2,"{'C': 0.1, 'degree': 2, 'gamma': 0.1, 'kernel': 'poly'}",0.967741935483871,0.9354838709677419,1.0,0.9666666666666667,0.9,0.953978494623656,0.033835277321814544,58,1.0,0.8888888888888888,1.0,1.0,0.875,0.9527777777777778,0.05800170282728085,77,0.8888888888888888,0.8888888888888888,1.0,0.8888888888888888,0.7777777777777778,0.888888888888889,0.07027283689263066,28,0.9411764705882353,0.8888888888888888,1.0,0.9411764705882353,0.823529411764706,0.918954248366013,0.05927207345754055,41
48,0.0019435405731201172,9.833815846601985e-05,0.004691028594970703,4.39804672487242e-05,0.1,poly,1,2,"{'C': 0.1, 'degree': 2, 'gamma': 1, 'kernel': 'poly'}",0.967741935483871,0.9354838709677419,1.0,0.9666666666666667,0.9,0.953978494623656,0.033835277321814544,58,1.0,0.8888888888888888,1.0,1.0,0.875,0.9527777777777778,0.05800170282728085,77,0.8888888888888888,0.8888888888888888,1.0,0.8888888888888888,0.7777777777777778,0.888888888888889,0.07027283689263066,28,0.9411764705882353,0.8888888888888888,1.0,0.9411764705882353,0.823529411764706,0.918954248366013,0.05927207345754055,41
49,0.0026854991912841795,0.00013735189844696412,0.0047342777252197266,0.00022374706550889686,0.1,poly,0.001,3,"{'C': 0.1, 'degree': 3, 'gamma': 0.001, 'kernel': 'poly'}",0.8064516129032258,0.8709677419354839,0.8387096774193549,0.8333333333333334,0.8,0.8298924731182795,0.025376344086021508,113,1.0,1.0,0.8333333333333334,1.0,1.0,0.9666666666666668,0.06666666666666665,72,0.3333333333333333,0.5555555555555556,0.5555555555555556,0.4444444444444444,0.3333333333333333,0.4444444444444445,0.09938079899999068,125,0.5,0.7142857142857143,0.6666666666666667,0.6153846153846153,0.5,0.5992673992673992,0.08687884875573097,114
50,0.001956939697265625,0.0001687283416203075,0.004311513900756836,0.0001313838586452355,0.1,poly,0.01,3,"{'C': 0.1, 'degree': 3, 'gamma': 0.01, 'kernel': 'poly'}",0.967741935483871,0.967741935483871,1.0,0.9666666666666667,0.9333333333333333,0.9670967741935484,0.02108843126388174,1,1.0,1.0,1.0,1.0,0.8888888888888888,0.9777777777777779,0.04444444444444447,1,0.8888888888888888,0.8888888888888888,1.0,0.8888888888888888,0.8888888888888888,0.9111111111111111,0.04444444444444447,3,0.9411764705882353,0.9411764705882353,1.0,0.9411764705882353,0.8888888888888888,0.9424836601307188,0.03517287332568292,1
51,0.0020467758178710936,0.0002849001024762538,0.004357147216796875,0.00012059431387038506,0.1,poly,0.1,3,"{'C': 0.1, 'degree': 3, 'gamma': 0.1, 'kernel': 'poly'}",0.967741935483871,0.967741935483871,1.0,0.9666666666666667,0.9333333333333333,0.9670967741935484,0.02108843126388174,1,1.0,1.0,1.0,1.0,0.8888888888888888,0.9777777777777779,0.04444444444444447,1,0.8888888888888888,0.8888888888888888,1.0,0.8888888888888888,0.8888888888888888,0.9111111111111111,0.04444444444444447,3,0.9411764705882353,0.9411764705882353,1.0,0.9411764705882353,0.8888888888888888,0.9424836601307188,0.03517287332568292,1
52,0.001912832260131836,0.0001961680483032976,0.0042683124542236325,8.125738906925099e-05,0.1,poly,1,3,"{'C': 0.1, 'degree': 3, 'gamma': 1, 'kernel': 'poly'}",0.967741935483871,0.967741935483871,1.0,0.9666666666666667,0.9333333333333333,0.9670967741935484,0.02108843126388174,1,1.0,1.0,1.0,1.0,0.8888888888888888,0.9777777777777779,0.04444444444444447,1,0.8888888888888888,0.8888888888888888,1.0,0.8888888888888888,0.8888888888888888,0.9111111111111111,0.04444444444444447,3,0.9411764705882353,0.9411764705882353,1.0,0.9411764705882353,0.8888888888888888,0.9424836601307188,0.03517287332568292,1
53,0.002973461151123047,0.00047117646489672687,0.005779552459716797,0.0004086063322207081,0.1,poly,0.001,5,"{'C': 0.1, 'degree': 5, 'gamma': 0.001, 'kernel': 'poly'}",0.7096774193548387,0.7096774193548387,0.7096774193548387,0.7,0.7,0.7058064516129032,0.004740947889257803,120,0.0,0.0,0.0,0.0,0.0,0.0,0.0,133,0.0,0.0,0.0,0.0,0.0,0.0,0.0,133,0.0,0.0,0.0,0.0,0.0,0.0,0.0,133
54,0.0028485774993896483,0.0001879653973824628,0.00598907470703125,0.0005668740733705749,0.1,poly,0.01,5,"{'C': 0.1, 'degree': 5, 'gamma': 0.01, 'kernel': 'poly'}",0.967741935483871,0.967741935483871,0.967741935483871,0.9666666666666667,0.9333333333333333,0.9606451612903226,0.013662262515499868,19,1.0,1.0,1.0,1.0,0.8888888888888888,0.9777777777777779,0.04444444444444447,1,0.8888888888888888,0.8888888888888888,0.8888888888888888,0.8888888888888888,0.8888888888888888,0.888888888888889,1.1102230246251565e-16,28,0.9411764705882353,0.9411764705882353,0.9411764705882353,0.9411764705882353,0.8888888888888888,0.9307189542483659,0.020915032679738578,19
55,0.002768278121948242,0.00034440726940256056,0.005306816101074219,0.00047434183956555616,0.1,poly,0.1,5,"{'C': 0.1, 'degree': 5, 'gamma': 0.1, 'kernel': 'poly'}",0.967741935483871,0.967741935483871,0.967741935483871,0.9666666666666667,0.9333333333333333,0.9606451612903226,0.013662262515499868,19,1.0,1.0,1.0,1.0,0.8888888888888888,0.9777777777777779,0.04444444444444447,1,0.8888888888888888,0.8888888888888888,0.8888888888888888,0.8888888888888888,0.8888888888888888,0.888888888888889,1.1102230246251565e-16,28,0.9411764705882353,0.9411764705882353,0.9411764705882353,0.9411764705882353,0.8888888888888888,0.9307189542483659,0.020915032679738578,19
56,0.0025852680206298827,0.00013212508031100858,0.004919290542602539,0.00020883295521081252,0.1,poly,1,5,"{'C': 0.1, 'degree': 5, 'gamma': 1, 'kernel': 'poly'}",0.967741935483871,0.967741935483871,0.967741935483871,0.9666666666666667,0.9333333333333333,0.9606451612903226,0.013662262515499868,19,1.0,1.0,1.0,1.0,0.8888888888888888,0.9777777777777779,0.04444444444444447,1,0.8888888888888888,0.8888888888888888,0.8888888888888888,0.8888888888888888,0.8888888888888888,0.888888888888889,1.1102230246251565e-16,28,0.9411764705882353,0.9411764705882353,0.9411764705882353,0.9411764705882353,0.8888888888888888,0.9307189542483659,0.020915032679738578,19
57,0.0033738136291503905,0.0003397649759977381,0.006676626205444336,0.0008384262261815677,0.1,poly,0.001,7,"{'C': 0.1, 'degree': 7, 'gamma': 0.001, 'kernel': 'poly'}",0.7096774193548387,0.7096774193548387,0.7096774193548387,0.7,0.7,0.7058064516129032,0.004740947889257803,120,0.0,0.0,0.0,0.0,0.0,0.0,0.0,133,0.0,0.0,0.0,0.0,0.0,0.0,0.0,133,0.0,0.0,0.0,0.0,0.0,0.0,0.0,133
58,0.0030220985412597657,0.00021818901244207938,0.0059070587158203125,0.0005829859731350575,0.1,poly,0.01,7,"{'C': 0.1, 'degree': 7, 'gamma': 0.01, 'kernel': 'poly'}",1.0,0.9354838709677419,0.9354838709677419,0.9666666666666667,0.9333333333333333,0.9541935483870969,0.026034831742660757,41,1.0,1.0,1.0,1.0,0.8888888888888888,0.9777777777777779,0.04444444444444447,1,1.0,0.7777777777777778,0.7777777777777778,0.8888888888888888,0.8888888888888888,0.8666666666666666,0.0831479419283098,67,1.0,0.8750000000000001,0.8750000000000001,0.9411764705882353,0.8888888888888888,0.9160130718954249,0.04855278810240875,63
59,0.002891206741333008,0.0003923120334510411,0.005666399002075195,0.0006837613675134837,0.1,poly,0.1,7,"{'C': 0.1, 'degree': 7, 'gamma': 0.1, 'kernel': 'poly'}",1.0,0.9354838709677419,0.9354838709677419,0.9666666666666667,0.9333333333333333,0.9541935483870969,0.026034831742660757,41,1.0,1.0,1.0,1.0,0.8888888888888888,0.9777777777777779,0.04444444444444447,1,1.0,0.7777777777777778,0.7777777777777778,0.8888888888888888,0.8888888888888888,0.8666666666666666,0.0831479419283098,67,1.0,0.8750000000000001,0.8750000000000001,0.9411764705882353,0.8888888888888888,0.9160130718954249,0.04855278810240875,63
60,0.002650928497314453,3.904868371452329e-05,0.004890584945678711,9.539384476147873e-05,0.1,poly,1,7,"{'C': 0.1, 'degree': 7, 'gamma': 1, 'kernel': 'poly'}",1.0,0.9354838709677419,0.9354838709677419,0.9666666666666667,0.9333333333333333,0.9541935483870969,0.026034831742660757,41,1.0,1.0,1.0,1.0,0.8888888888888888,0.9777777777777779,0.04444444444444447,1,1.0,0.7777777777777778,0.7777777777777778,0.8888888888888888,0.8888888888888888,0.8666666666666666,0.0831479419283098,67,1.0,0.8750000000000001,0.8750000000000001,0.9411764705882353,0.8888888888888888,0.9160130718954249,0.04855278810240875,63
61,0.003345346450805664,0.0008166685422204381,0.006142568588256836,0.0008422179336734897,0.1,poly,0.001,10,"{'C': 0.1, 'degree': 10, 'gamma': 0.001, 'kernel': 'poly'}",0.7096774193548387,0.7096774193548387,0.7096774193548387,0.7,0.7,0.7058064516129032,0.004740947889257803,120,0.0,0.0,0.0,0.0,0.0,0.0,0.0,133,0.0,0.0,0.0,0.0,0.0,0.0,0.0,133,0.0,0.0,0.0,0.0,0.0,0.0,0.0,133
62,0.0032845497131347655,0.0002673406398039454,0.006112098693847656,0.0005734102342713301,0.1,poly,0.01,10,"{'C': 0.1, 'degree': 10, 'gamma': 0.01, 'kernel': 'poly'}",1.0,0.9354838709677419,0.9354838709677419,0.9333333333333333,0.9,0.9408602150537636,0.03250087825774203,82,1.0,1.0,1.0,1.0,0.875,0.975,0.049999999999999996,53,1.0,0.7777777777777778,0.7777777777777778,0.7777777777777778,0.7777777777777778,0.8222222222222222,0.08888888888888886,90,1.0,0.8750000000000001,0.8750000000000001,0.8750000000000001,0.823529411764706,0.8897058823529411,0.0586394177569908,83
63,0.0030354976654052733,0.00037005068630283517,0.005262851715087891,0.0002765406400049935,0.1,poly,0.1,10,"{'C': 0.1, 'degree': 10, 'gamma': 0.1, 'kernel': 'poly'}",1.0,0.9354838709677419,0.9354838709677419,0.9333333333333333,0.9,0.9408602150537636,0.03250087825774203,82,1.0,1.0,1.0,1.0,0.875,0.975,0.049999999999999996,53,1.0,0.7777777777777778,0.7777777777777778,0.7777777777777778,0.7777777777777778,0.8222222222222222,0.08888888888888886,90,1.0,0.8750000000000001,0.8750000000000001,0.8750000000000001,0.823529411764706,0.8897058823529411,0.0586394177569908,83
64,0.0027796268463134766,0.00015707399598690887,0.004712438583374024,0.00024171047225134772,0.1,poly,1,10,"{'C': 0.1, 'degree': 10, 'gamma': 1, 'kernel': 'poly'}",1.0,0.9354838709677419,0.9354838709677419,0.9333333333333333,0.9,0.9408602150537636,0.03250087825774203,82,1.0,1.0,1.0,1.0,0.875,0.975,0.049999999999999996,53,1.0,0.7777777777777778,0.7777777777777778,0.7777777777777778,0.7777777777777778,0.8222222222222222,0.08888888888888886,90,1.0,0.8750000000000001,0.8750000000000001,0.8750000000000001,0.823529411764706,0.8897058823529411,0.0586394177569908,83
65,0.0020746707916259764,9.394023618315588e-05,0.004419994354248047,8.04211560689075e-05,1,poly,0.001,2,"{'C': 1, 'degree': 2, 'gamma': 0.001, 'kernel': 'poly'}",0.967741935483871,0.9354838709677419,0.9354838709677419,0.9666666666666667,0.8333333333333334,0.927741935483871,0.0492909606068785,100,0.9,1.0,0.8888888888888888,1.0,0.75,0.9077777777777778,0.092001073531042,108,1.0,0.7777777777777778,0.8888888888888888,0.8888888888888888,0.6666666666666666,0.8444444444444444,0.11331154474650633,85,0.9473684210526316,0.8750000000000001,0.8888888888888888,0.9411764705882353,0.7058823529411765,0.8716632266941865,0.08758370068223344,100
66,0.0017736434936523437,5.8384109890635276e-05,0.004399299621582031,0.00027159570454405235,1,poly,0.01,2,"{'C': 1, 'degree': 2, 'gamma': 0.01, 'kernel': 'poly'}",0.967741935483871,0.9354838709677419,1.0,0.9666666666666667,0.9,0.953978494623656,0.033835277321814544,58,1.0,0.8888888888888888,1.0,1.0,0.875,0.9527777777777778,0.05800170282728085,77,0.8888888888888888,0.8888888888888888,1.0,0.8888888888888888,0.7777777777777778,0.888888888888889,0.07027283689263066,28,0.9411764705882353,0.8888888888888888,1.0,0.9411764705882353,0.823529411764706,0.918954248366013,0.05927207345754055,41
67,0.0017846107482910156,8.921678024034017e-05,0.004325199127197266,0.0001459326137607564,1,poly,0.1,2,"{'C': 1, 'degree': 2, 'gamma': 0.1, 'kernel': 'poly'}",0.967741935483871,0.9354838709677419,1.0,0.9666666666666667,0.9,0.953978494623656,0.033835277321814544,58,1.0,0.8888888888888888,1.0,1.0,0.875,0.9527777777777778,0.05800170282728085,77,0.8888888888888888,0.8888888888888888,1.0,0.8888888888888888,0.7777777777777778,0.888888888888889,0.07027283689263066,28,0.9411764705882353,0.8888888888888888,1.0,0.9411764705882353,0.823529411764706,0.918954248366013,0.05927207345754055,41
68,0.0019196510314941407,0.00018218303582268817,0.00452718734741211,0.00034084577564788885,1,poly,1,2,"{'C': 1, 'degree': 2, 'gamma': 1, 'kernel': 'poly'}",0.967741935483871,0.9354838709677419,1.0,0.9666666666666667,0.9,0.953978494623656,0.033835277321814544,58,1.0,0.8888888888888888,1.0,1.0,0.875,0.9527777777777778,0.05800170282728085,77,0.8888888888888888,0.8888888888888888,1.0,0.8888888888888888,0.7777777777777778,0.888888888888889,0.07027283689263066,28,0.9411764705882353,0.8888888888888888,1.0,0.9411764705882353,0.823529411764706,0.918954248366013,0.05927207345754055,41
69,0.0022092819213867187,0.000139485146885564,0.00448455810546875,6.445060575142323e-05,1,poly,0.001,3,"{'C': 1, 'degree': 3, 'gamma': 0.001, 'kernel': 'poly'}",0.967741935483871,0.9354838709677419,0.9032258064516129,0.9666666666666667,0.8333333333333334,0.9212903225806451,0.049961946439603014,106,0.9,1.0,0.875,1.0,0.75,0.905,0.09273618495495704,109,1.0,0.7777777777777778,0.7777777777777778,0.8888888888888888,0.6666666666666666,0.8222222222222222,0.11331154474650633,90,0.9473684210526316,0.8750000000000001,0.823529411764706,0.9411764705882353,0.7058823529411765,0.8585913312693499,0.0889047710503834,105
70,0.001934814453125,0.00018779439505072268,0.0043865680694580075,0.0001678769940397762,1,poly,0.01,3,"{'C': 1, 'degree': 3, 'gamma': 0.01, 'kernel': 'poly'}",0.967741935483871,0.967741935483871,1.0,0.9666666666666667,0.9333333333333333,0.9670967741935484,0.02108843126388174,1,1.0,1.0,1.0,1.0,0.8888888888888888,0.9777777777777779,0.04444444444444447,1,0.8888888888888888,0.8888888888888888,1.0,0.8888888888888888,0.8888888888888888,0.9111111111111111,0.04444444444444447,3,0.9411764705882353,0.9411764705882353,1.0,0.9411764705882353,0.8888888888888888,0.9424836601307188,0.03517287332568292,1
71,0.0019284725189208985,0.00019756121348125163,0.004268646240234375,4.888685613315518e-05,1,poly,0.1,3,"{'C': 1, 'degree': 3, 'gamma': 0.1, 'kernel': 'poly'}",0.967741935483871,0.967741935483871,1.0,0.9666666666666667,0.9333333333333333,0.9670967741935484,0.02108843126388174,1,1.0,1.0,1.0,1.0,0.8888888888888888,0.9777777777777779,0.04444444444444447,1,0.8888888888888888,0.8888888888888888,1.0,0.8888888888888888,0.8888888888888888,0.9111111111111111,0.04444444444444447,3,0.9411764705882353,0.9411764705882353,1.0,0.9411764705882353,0.8888888888888888,0.9424836601307188,0.03517287332568292,1
72,0.0019315242767333984,0.00018810616085674557,0.004244756698608398,7.604968189035179e-05,1,poly,1,3,"{'C': 1, 'degree': 3, 'gamma': 1, 'kernel': 'poly'}",0.967741935483871,0.967741935483871,1.0,0.9666666666666667,0.9333333333333333,0.9670967741935484,0.02108843126388174,1,1.0,1.0,1.0,1.0,0.8888888888888888,0.9777777777777779,0.04444444444444447,1,0.8888888888888888,0.8888888888888888,1.0,0.8888888888888888,0.8888888888888888,0.9111111111111111,0.04444444444444447,3,0.9411764705882353,0.9411764705882353,1.0,0.9411764705882353,0.8888888888888888,0.9424836601307188,0.03517287332568292,1
73,0.0023470401763916017,0.0001350207503249405,0.004746150970458984,0.0004071812813301785,1,poly,0.001,5,"{'C': 1, 'degree': 5, 'gamma': 0.001, 'kernel': 'poly'}",0.967741935483871,0.9032258064516129,0.8387096774193549,0.9666666666666667,0.8333333333333334,0.9019354838709678,0.05869589030284615,108,0.9,0.875,0.7,1.0,0.75,0.845,0.1077032961426901,110,1.0,0.7777777777777778,0.7777777777777778,0.8888888888888888,0.6666666666666666,0.8222222222222222,0.11331154474650633,90,0.9473684210526316,0.823529411764706,0.7368421052631577,0.9411764705882353,0.7058823529411765,0.8309597523219814,0.10025607255979739,108
74,0.002525043487548828,3.583182981752838e-05,0.004847478866577148,0.00011216507401966462,1,poly,0.01,5,"{'C': 1, 'degree': 5, 'gamma': 0.01, 'kernel': 'poly'}",0.967741935483871,0.967741935483871,0.967741935483871,0.9666666666666667,0.9333333333333333,0.9606451612903226,0.013662262515499868,19,1.0,1.0,1.0,1.0,0.8888888888888888,0.9777777777777779,0.04444444444444447,1,0.8888888888888888,0.8888888888888888,0.8888888888888888,0.8888888888888888,0.8888888888888888,0.888888888888889,1.1102230246251565e-16,28,0.9411764705882353,0.9411764705882353,0.9411764705882353,0.9411764705882353,0.8888888888888888,0.9307189542483659,0.020915032679738578,19
75,0.0023062705993652345,8.444467007572273e-05,0.004488706588745117,0.0003183071795527162,1,poly,0.1,5,"{'C': 1, 'degree': 5, 'gamma': 0.1, 'kernel': 'poly'}",0.967741935483871,0.967741935483871,0.967741935483871,0.9666666666666667,0.9333333333333333,0.9606451612903226,0.013662262515499868,19,1.0,1.0,1.0,1.0,0.8888888888888888,0.9777777777777779,0.04444444444444447,1,0.8888888888888888,0.8888888888888888,0.8888888888888888,0.8888888888888888,0.8888888888888888,0.888888888888889,1.1102230246251565e-16,28,0.9411764705882353,0.9411764705882353,0.9411764705882353,0.9411764705882353,0.8888888888888888,0.9307189542483659,0.020915032679738578,19
76,0.002236175537109375,4.039444023662518e-05,0.004330635070800781,0.00011706978612173623,1,poly,1,5,"{'C': 1, 'degree': 5, 'gamma': 1, 'kernel': 'poly'}",0.967741935483871,0.967741935483871,0.967741935483871,0.9666666666666667,0.9333333333333333,0.9606451612903226,0.013662262515499868,19,1.0,1.0,1.0,1.0,0.8888888888888888,0.9777777777777779,0.04444444444444447,1,0.8888888888888888,0.8888888888888888,0.8888888888888888,0.8888888888888888,0.8888888888888888,0.888888888888889,1.1102230246251565e-16,28,0.9411764705882353,0.9411764705882353,0.9411764705882353,0.9411764705882353,0.8888888888888888,0.9307189542483659,0.020915032679738578,19
77,0.0024212360382080077,4.7241448739411905e-05,0.00458836555480957,0.00024826905686256177,1,poly,0.001,7,"{'C': 1, 'degree': 7, 'gamma': 0.001, 'kernel': 'poly'}",0.967741935483871,0.8064516129032258,0.8064516129032258,0.8666666666666667,0.8333333333333334,0.8561290322580645,0.06003968318104719,111,0.9,0.6363636363636364,0.6363636363636364,0.7777777777777778,0.75,0.7401010101010101,0.09859827707841738,115,1.0,0.7777777777777778,0.7777777777777778,0.7777777777777778,0.6666666666666666,0.7999999999999999,0.10886621079036347,110,0.9473684210526316,0.7000000000000001,0.7000000000000001,0.7777777777777778,0.7058823529411765,0.7662057103543172,0.09524614439298557,111
78,0.0026298999786376954,0.00015613512686402355,0.00536956787109375,0.0009276071304541746,1,poly,0.01,7,"{'C': 1, 'degree': 7, 'gamma': 0.01, 'kernel': 'poly'}",1.0,0.9354838709677419,0.9354838709677419,0.9666666666666667,0.9333333333333333,0.9541935483870969,0.026034831742660757,41,1.0,1.0,1.0,1.0,0.8888888888888888,0.9777777777777779,0.04444444444444447,1,1.0,0.7777777777777778,0.7777777777777778,0.8888888888888888,0.8888888888888888,0.8666666666666666,0.0831479419283098,67,1.0,0.8750000000000001,0.8750000000000001,0.9411764705882353,0.8888888888888888,0.9160130718954249,0.04855278810240875,63
79,0.0026343822479248046,4.3206446192027295e-05,0.004813194274902344,5.039291251312313e-05,1,poly,0.1,7,"{'C': 1, 'degree': 7, 'gamma': 0.1, 'kernel': 'poly'}",1.0,0.9354838709677419,0.9354838709677419,0.9666666666666667,0.9333333333333333,0.9541935483870969,0.026034831742660757,41,1.0,1.0,1.0,1.0,0.8888888888888888,0.9777777777777779,0.04444444444444447,1,1.0,0.7777777777777778,0.7777777777777778,0.8888888888888888,0.8888888888888888,0.8666666666666666,0.0831479419283098,67,1.0,0.8750000000000001,0.8750000000000001,0.9411764705882353,0.8888888888888888,0.9160130718954249,0.04855278810240875,63
80,0.002553892135620117,0.00017589283773126386,0.004563379287719727,0.00021750964473393901,1,poly,1,7,"{'C': 1, 'degree': 7, 'gamma': 1, 'kernel': 'poly'}",1.0,0.9354838709677419,0.9354838709677419,0.9666666666666667,0.9333333333333333,0.9541935483870969,0.026034831742660757,41,1.0,1.0,1.0,1.0,0.8888888888888888,0.9777777777777779,0.04444444444444447,1,1.0,0.7777777777777778,0.7777777777777778,0.8888888888888888,0.8888888888888888,0.8666666666666666,0.0831479419283098,67,1.0,0.8750000000000001,0.8750000000000001,0.9411764705882353,0.8888888888888888,0.9160130718954249,0.04855278810240875,63
81,0.0029860019683837892,0.00024201016776978325,0.006133556365966797,0.0006163953710017718,1,poly,0.001,10,"{'C': 1, 'degree': 10, 'gamma': 0.001, 'kernel': 'poly'}",0.7096774193548387,0.7741935483870968,0.8387096774193549,0.8666666666666667,0.8333333333333334,0.804516129032258,0.05617145021011444,116,0.0,1.0,1.0,0.7777777777777778,0.75,0.7055555555555555,0.3683463212055728,116,0.0,0.2222222222222222,0.4444444444444444,0.7777777777777778,0.6666666666666666,0.4222222222222222,0.28458329944145994,127,0.0,0.3636363636363636,0.6153846153846153,0.7777777777777778,0.7058823529411765,0.4925362219479867,0.28325894441499166,116
82,0.003196573257446289,0.0003694394965195611,0.005835247039794922,0.0005693181150424739,1,poly,0.01,10,"{'C': 1, 'degree': 10, 'gamma': 0.01, 'kernel': 'poly'}",1.0,0.9354838709677419,0.9354838709677419,0.9333333333333333,0.9,0.9408602150537636,0.03250087825774203,82,1.0,1.0,1.0,1.0,0.875,0.975,0.049999999999999996,53,1.0,0.7777777777777778,0.7777777777777778,0.7777777777777778,0.7777777777777778,0.8222222222222222,0.08888888888888886,90,1.0,0.8750000000000001,0.8750000000000001,0.8750000000000001,0.823529411764706,0.8897058823529411,0.0586394177569908,83
83,0.0030317783355712892,0.0002746437734548661,0.005265998840332031,0.00039895421986850516,1,poly,0.1,10,"{'C': 1, 'degree': 10, 'gamma': 0.1, 'kernel': 'poly'}",1.0,0.9354838709677419,0.9354838709677419,0.9333333333333333,0.9,0.9408602150537636,0.03250087825774203,82,1.0,1.0,1.0,1.0,0.875,0.975,0.049999999999999996,53,1.0,0.7777777777777778,0.7777777777777778,0.7777777777777778,0.7777777777777778,0.8222222222222222,0.08888888888888886,90,1.0,0.8750000000000001,0.8750000000000001,0.8750000000000001,0.823529411764706,0.8897058823529411,0.0586394177569908,83
84,0.0028530120849609374,3.750517495203212e-05,0.004913806915283203,5.209803296191661e-05,1,poly,1,10,"{'C': 1, 'degree': 10, 'gamma': 1, 'kernel': 'poly'}",1.0,0.9354838709677419,0.9354838709677419,0.9333333333333333,0.9,0.9408602150537636,0.03250087825774203,82,1.0,1.0,1.0,1.0,0.875,0.975,0.049999999999999996,53,1.0,0.7777777777777778,0.7777777777777778,0.7777777777777778,0.7777777777777778,0.8222222222222222,0.08888888888888886,90,1.0,0.8750000000000001,0.8750000000000001,0.8750000000000001,0.823529411764706,0.8897058823529411,0.0586394177569908,83
85,0.0018956661224365234,0.00022771158662841264,0.0045487403869628905,0.0003913934002694238,10,poly,0.001,2,"{'C': 10, 'degree': 2, 'gamma': 0.001, 'kernel': 'poly'}",0.967741935483871,0.9354838709677419,1.0,0.9666666666666667,0.9,0.953978494623656,0.033835277321814544,58,1.0,0.8888888888888888,1.0,1.0,0.875,0.9527777777777778,0.05800170282728085,77,0.8888888888888888,0.8888888888888888,1.0,0.8888888888888888,0.7777777777777778,0.888888888888889,0.07027283689263066,28,0.9411764705882353,0.8888888888888888,1.0,0.9411764705882353,0.823529411764706,0.918954248366013,0.05927207345754055,41
86,0.0018329143524169922,5.6685770821947175e-05,0.004531669616699219,0.0003167688639662604,10,poly,0.01,2,"{'C': 10, 'degree': 2, 'gamma': 0.01, 'kernel': 'poly'}",0.967741935483871,0.9354838709677419,1.0,0.9666666666666667,0.9,0.953978494623656,0.033835277321814544,58,1.0,0.8888888888888888,1.0,1.0,0.875,0.9527777777777778,0.05800170282728085,77,0.8888888888888888,0.8888888888888888,1.0,0.8888888888888888,0.7777777777777778,0.888888888888889,0.07027283689263066,28,0.9411764705882353,0.8888888888888888,1.0,0.9411764705882353,0.823529411764706,0.918954248366013,0.05927207345754055,41
87,0.0018455982208251953,8.41901882447979e-05,0.004498958587646484,0.0002755687277256354,10,poly,0.1,2,"{'C': 10, 'degree': 2, 'gamma': 0.1, 'kernel': 'poly'}",0.967741935483871,0.9354838709677419,1.0,0.9666666666666667,0.9,0.953978494623656,0.033835277321814544,58,1.0,0.8888888888888888,1.0,1.0,0.875,0.9527777777777778,0.05800170282728085,77,0.8888888888888888,0.8888888888888888,1.0,0.8888888888888888,0.7777777777777778,0.888888888888889,0.07027283689263066,28,0.9411764705882353,0.8888888888888888,1.0,0.9411764705882353,0.823529411764706,0.918954248366013,0.05927207345754055,41
88,0.001948070526123047,0.00034451817639599784,0.004447650909423828,0.0003849383962625224,10,poly,1,2,"{'C': 10, 'degree': 2, 'gamma': 1, 'kernel': 'poly'}",0.967741935483871,0.9354838709677419,1.0,0.9666666666666667,0.9,0.953978494623656,0.033835277321814544,58,1.0,0.8888888888888888,1.0,1.0,0.875,0.9527777777777778,0.05800170282728085,77,0.8888888888888888,0.8888888888888888,1.0,0.8888888888888888,0.7777777777777778,0.888888888888889,0.07027283689263066,28,0.9411764705882353,0.8888888888888888,1.0,0.9411764705882353,0.823529411764706,0.918954248366013,0.05927207345754055,41
89,0.002072000503540039,0.00025580398562555744,0.004550647735595703,0.0002488678134450007,10,poly,0.001,3,"{'C': 10, 'degree': 3, 'gamma': 0.001, 'kernel': 'poly'}",0.967741935483871,0.967741935483871,1.0,0.9666666666666667,0.9333333333333333,0.9670967741935484,0.02108843126388174,1,1.0,1.0,1.0,1.0,0.8888888888888888,0.9777777777777779,0.04444444444444447,1,0.8888888888888888,0.8888888888888888,1.0,0.8888888888888888,0.8888888888888888,0.9111111111111111,0.04444444444444447,3,0.9411764705882353,0.9411764705882353,1.0,0.9411764705882353,0.8888888888888888,0.9424836601307188,0.03517287332568292,1
90,0.002145814895629883,0.00021671209635647194,0.004684019088745117,9.171816165527363e-05,10,poly,0.01,3,"{'C': 10, 'degree': 3, 'gamma': 0.01, 'kernel': 'poly'}",0.967741935483871,0.967741935483871,1.0,0.9666666666666667,0.9333333333333333,0.9670967741935484,0.02108843126388174,1,1.0,1.0,1.0,1.0,0.8888888888888888,0.9777777777777779,0.04444444444444447,1,0.8888888888888888,0.8888888888888888,1.0,0.8888888888888888,0.8888888888888888,0.9111111111111111,0.04444444444444447,3,0.9411764705882353,0.9411764705882353,1.0,0.9411764705882353,0.8888888888888888,0.9424836601307188,0.03517287332568292,1
91,0.002063751220703125,0.00028735866460738663,0.004409980773925781,0.00017737851341180624,10,poly,0.1,3,"{'C': 10, 'degree': 3, 'gamma': 0.1, 'kernel': 'poly'}",0.967741935483871,0.967741935483871,1.0,0.9666666666666667,0.9333333333333333,0.9670967741935484,0.02108843126388174,1,1.0,1.0,1.0,1.0,0.8888888888888888,0.9777777777777779,0.04444444444444447,1,0.8888888888888888,0.8888888888888888,1.0,0.8888888888888888,0.8888888888888888,0.9111111111111111,0.04444444444444447,3,0.9411764705882353,0.9411764705882353,1.0,0.9411764705882353,0.8888888888888888,0.9424836601307188,0.03517287332568292,1
92,0.001965951919555664,0.0002215820459456048,0.004378604888916016,0.0001640703328345784,10,poly,1,3,"{'C': 10, 'degree': 3, 'gamma': 1, 'kernel': 'poly'}",0.967741935483871,0.967741935483871,1.0,0.9666666666666667,0.9333333333333333,0.9670967741935484,0.02108843126388174,1,1.0,1.0,1.0,1.0,0.8888888888888888,0.9777777777777779,0.04444444444444447,1,0.8888888888888888,0.8888888888888888,1.0,0.8888888888888888,0.8888888888888888,0.9111111111111111,0.04444444444444447,3,0.9411764705882353,0.9411764705882353,1.0,0.9411764705882353,0.8888888888888888,0.9424836601307188,0.03517287332568292,1
93,0.002272939682006836,8.459212142096773e-05,0.0044253826141357425,0.00012644932076399059,10,poly,0.001,5,"{'C': 10, 'degree': 5, 'gamma': 0.001, 'kernel': 'poly'}",0.967741935483871,0.967741935483871,0.967741935483871,0.9666666666666667,0.9,0.953978494623656,0.026992460075239536,58,1.0,1.0,1.0,1.0,0.875,0.975,0.049999999999999996,53,0.8888888888888888,0.8888888888888888,0.8888888888888888,0.8888888888888888,0.7777777777777778,0.8666666666666666,0.04444444444444442,67,0.9411764705882353,0.9411764705882353,0.9411764705882353,0.9411764705882353,0.823529411764706,0.9176470588235294,0.04705882352941172,62
94,0.002270364761352539,5.251330358043696e-05,0.004389381408691407,0.00012456841206588736,10,poly,0.01,5,"{'C': 10, 'degree': 5, 'gamma': 0.01, 'kernel': 'poly'}",0.967741935483871,0.967741935483871,0.967741935483871,0.9666666666666667,0.9333333333333333,0.9606451612903226,0.013662262515499868,19,1.0,1.0,1.0,1.0,0.8888888888888888,0.9777777777777779,0.04444444444444447,1,0.8888888888888888,0.8888888888888888,0.8888888888888888,0.8888888888888888,0.8888888888888888,0.888888888888889,1.1102230246251565e-16,28,0.9411764705882353,0.9411764705882353,0.9411764705882353,0.9411764705882353,0.8888888888888888,0.9307189542483659,0.020915032679738578,19
95,0.0023322105407714844,0.00010999735128766085,0.004357099533081055,0.00011528202745841099,10,poly,0.1,5,"{'C': 10, 'degree': 5, 'gamma': 0.1, 'kernel': 'poly'}",0.967741935483871,0.967741935483871,0.967741935483871,0.9666666666666667,0.9333333333333333,0.9606451612903226,0.013662262515499868,19,1.0,1.0,1.0,1.0,0.8888888888888888,0.9777777777777779,0.04444444444444447,1,0.8888888888888888,0.8888888888888888,0.8888888888888888,0.8888888888888888,0.8888888888888888,0.888888888888889,1.1102230246251565e-16,28,0.9411764705882353,0.9411764705882353,0.9411764705882353,0.9411764705882353,0.8888888888888888,0.9307189542483659,0.020915032679738578,19
96,0.0024426937103271484,0.00018774808993374337,0.004867982864379883,0.0002590410302313962,10,poly,1,5,"{'C': 10, 'degree': 5, 'gamma': 1, 'kernel': 'poly'}",0.967741935483871,0.967741935483871,0.967741935483871,0.9666666666666667,0.9333333333333333,0.9606451612903226,0.013662262515499868,19,1.0,1.0,1.0,1.0,0.8888888888888888,0.9777777777777779,0.04444444444444447,1,0.8888888888888888,0.8888888888888888,0.8888888888888888,0.8888888888888888,0.8888888888888888,0.888888888888889,1.1102230246251565e-16,28,0.9411764705882353,0.9411764705882353,0.9411764705882353,0.9411764705882353,0.8888888888888888,0.9307189542483659,0.020915032679738578,19
97,0.0025913238525390623,6.55420262711526e-05,0.004707050323486328,0.0002082988995406096,10,poly,0.001,7,"{'C': 10, 'degree': 7, 'gamma': 0.001, 'kernel': 'poly'}",1.0,0.9354838709677419,0.9354838709677419,0.9666666666666667,0.9,0.9475268817204302,0.03367085449410631,80,1.0,1.0,1.0,1.0,0.875,0.975,0.049999999999999996,53,1.0,0.7777777777777778,0.7777777777777778,0.8888888888888888,0.7777777777777778,0.8444444444444444,0.08888888888888888,85,1.0,0.8750000000000001,0.8750000000000001,0.9411764705882353,0.823529411764706,0.9029411764705882,0.061237243569579415,81
98,0.00241236686706543,4.4635727715035565e-05,0.00433964729309082,8.103095177107631e-05,10,poly,0.01,7,"{'C': 10, 'degree': 7, 'gamma': 0.01, 'kernel': 'poly'}",1.0,0.9354838709677419,0.9354838709677419,0.9666666666666667,0.9333333333333333,0.9541935483870969,0.026034831742660757,41,1.0,1.0,1.0,1.0,0.8888888888888888,0.9777777777777779,0.04444444444444447,1,1.0,0.7777777777777778,0.7777777777777778,0.8888888888888888,0.8888888888888888,0.8666666666666666,0.0831479419283098,67,1.0,0.8750000000000001,0.8750000000000001,0.9411764705882353,0.8888888888888888,0.9160130718954249,0.04855278810240875,63
99,0.0024117469787597657,6.168172027630702e-05,0.004372119903564453,0.00011940025293005383,10,poly,0.1,7,"{'C': 10, 'degree': 7, 'gamma': 0.1, 'kernel': 'poly'}",1.0,0.9354838709677419,0.9354838709677419,0.9666666666666667,0.9333333333333333,0.9541935483870969,0.026034831742660757,41,1.0,1.0,1.0,1.0,0.8888888888888888,0.9777777777777779,0.04444444444444447,1,1.0,0.7777777777777778,0.7777777777777778,0.8888888888888888,0.8888888888888888,0.8666666666666666,0.0831479419283098,67,1.0,0.8750000000000001,0.8750000000000001,0.9411764705882353,0.8888888888888888,0.9160130718954249,0.04855278810240875,63
100,0.002472209930419922,6.764122913618184e-05,0.0044768333435058595,0.00026245592807463345,10,poly,1,7,"{'C': 10, 'degree': 7, 'gamma': 1, 'kernel': 'poly'}",1.0,0.9354838709677419,0.9354838709677419,0.9666666666666667,0.9333333333333333,0.9541935483870969,0.026034831742660757,41,1.0,1.0,1.0,1.0,0.8888888888888888,0.9777777777777779,0.04444444444444447,1,1.0,0.7777777777777778,0.7777777777777778,0.8888888888888888,0.8888888888888888,0.8666666666666666,0.0831479419283098,67,1.0,0.8750000000000001,0.8750000000000001,0.9411764705882353,0.8888888888888888,0.9160130718954249,0.04855278810240875,63
101,0.0023841381072998045,0.0001297491694548913,0.004520988464355469,0.00016225701425079237,10,poly,0.001,10,"{'C': 10, 'degree': 10, 'gamma': 0.001, 'kernel': 'poly'}",0.967741935483871,0.9354838709677419,0.9032258064516129,0.9,0.8666666666666667,0.9146236559139785,0.03435210415354052,107,0.9,1.0,0.875,1.0,0.7777777777777778,0.9105555555555556,0.0836733802825082,107,1.0,0.7777777777777778,0.7777777777777778,0.6666666666666666,0.7777777777777778,0.7999999999999999,0.10886621079036347,110,0.9473684210526316,0.8750000000000001,0.823529411764706,0.8,0.7777777777777778,0.8447351221190231,0.06063622044127272,107
102,0.0024879932403564452,3.387007598359155e-05,0.0043833255767822266,8.447544061097458e-05,10,poly,0.01,10,"{'C': 10, 'degree': 10, 'gamma': 0.01, 'kernel': 'poly'}",1.0,0.9354838709677419,0.9354838709677419,0.9333333333333333,0.9,0.9408602150537636,0.03250087825774203,82,1.0,1.0,1.0,1.0,0.875,0.975,0.049999999999999996,53,1.0,0.7777777777777778,0.7777777777777778,0.7777777777777778,0.7777777777777778,0.8222222222222222,0.08888888888888886,90,1.0,0.8750000000000001,0.8750000000000001,0.8750000000000001,0.823529411764706,0.8897058823529411,0.0586394177569908,83
103,0.002611875534057617,0.00019611727420387035,0.004382467269897461,5.676237165194701e-05,10,poly,0.1,10,"{'C': 10, 'degree': 10, 'gamma': 0.1, 'kernel': 'poly'}",1.0,0.9354838709677419,0.9354838709677419,0.9333333333333333,0.9,0.9408602150537636,0.03250087825774203,82,1.0,1.0,1.0,1.0,0.875,0.975,0.049999999999999996,53,1.0,0.7777777777777778,0.7777777777777778,0.7777777777777778,0.7777777777777778,0.8222222222222222,0.08888888888888886,90,1.0,0.8750000000000001,0.8750000000000001,0.8750000000000001,0.823529411764706,0.8897058823529411,0.0586394177569908,83
104,0.002656412124633789,0.00034680423883385155,0.0044189453125,9.068617898553762e-05,10,poly,1,10,"{'C': 10, 'degree': 10, 'gamma': 1, 'kernel': 'poly'}",1.0,0.9354838709677419,0.9354838709677419,0.9333333333333333,0.9,0.9408602150537636,0.03250087825774203,82,1.0,1.0,1.0,1.0,0.875,0.975,0.049999999999999996,53,1.0,0.7777777777777778,0.7777777777777778,0.7777777777777778,0.7777777777777778,0.8222222222222222,0.08888888888888886,90,1.0,0.8750000000000001,0.8750000000000001,0.8750000000000001,0.823529411764706,0.8897058823529411,0.0586394177569908,83
105,0.0018964767456054687,0.00011346015286267886,0.004538440704345703,0.0002993583375384512,100,poly,0.001,2,"{'C': 100, 'degree': 2, 'gamma': 0.001, 'kernel': 'poly'}",0.967741935483871,0.9354838709677419,1.0,0.9666666666666667,0.9,0.953978494623656,0.033835277321814544,58,1.0,0.8888888888888888,1.0,1.0,0.875,0.9527777777777778,0.05800170282728085,77,0.8888888888888888,0.8888888888888888,1.0,0.8888888888888888,0.7777777777777778,0.888888888888889,0.07027283689263066,28,0.9411764705882353,0.8888888888888888,1.0,0.9411764705882353,0.823529411764706,0.918954248366013,0.05927207345754055,41
106,0.0018735885620117187,8.273703200372037e-05,0.004572772979736328,0.0002572410119023502,100,poly,0.01,2,"{'C': 100, 'degree': 2, 'gamma': 0.01, 'kernel': 'poly'}",0.967741935483871,0.9354838709677419,1.0,0.9666666666666667,0.9,0.953978494623656,0.033835277321814544,58,1.0,0.8888888888888888,1.0,1.0,0.875,0.9527777777777778,0.05800170282728085,77,0.8888888888888888,0.8888888888888888,1.0,0.8888888888888888,0.7777777777777778,0.888888888888889,0.07027283689263066,28,0.9411764705882353,0.8888888888888888,1.0,0.9411764705882353,0.823529411764706,0.918954248366013,0.05927207345754055,41
107,0.0019470691680908204,0.00011912644368580183,0.004623317718505859,0.00018611709902898588,100,poly,0.1,2,"{'C': 100, 'degree': 2, 'gamma': 0.1, 'kernel': 'poly'}",0.967741935483871,0.9354838709677419,1.0,0.9666666666666667,0.9,0.953978494623656,0.033835277321814544,58,1.0,0.8888888888888888,1.0,1.0,0.875,0.9527777777777778,0.05800170282728085,77,0.8888888888888888,0.8888888888888888,1.0,0.8888888888888888,0.7777777777777778,0.888888888888889,0.07027283689263066,28,0.9411764705882353,0.8888888888888888,1.0,0.9411764705882353,0.823529411764706,0.918954248366013,0.05927207345754055,41
108,0.0018220901489257812,7.158350188192375e-05,0.004374885559082031,0.0002019479169251282,100,poly,1,2,"{'C': 100, 'degree': 2, 'gamma': 1, 'kernel': 'poly'}",0.967741935483871,0.9354838709677419,1.0,0.9666666666666667,0.9,0.953978494623656,0.033835277321814544,58,1.0,0.8888888888888888,1.0,1.0,0.875,0.9527777777777778,0.05800170282728085,77,0.8888888888888888,0.8888888888888888,1.0,0.8888888888888888,0.7777777777777778,0.888888888888889,0.07027283689263066,28,0.9411764705882353,0.8888888888888888,1.0,0.9411764705882353,0.823529411764706,0.918954248366013,0.05927207345754055,41
109,0.0019259452819824219,0.00020563366791853755,0.004274129867553711,0.00011662885180296595,100,poly,0.001,3,"{'C': 100, 'degree': 3, 'gamma': 0.001, 'kernel': 'poly'}",0.967741935483871,0.967741935483871,1.0,0.9666666666666667,0.9333333333333333,0.9670967741935484,0.02108843126388174,1,1.0,1.0,1.0,1.0,0.8888888888888888,0.9777777777777779,0.04444444444444447,1,0.8888888888888888,0.8888888888888888,1.0,0.8888888888888888,0.8888888888888888,0.9111111111111111,0.04444444444444447,3,0.9411764705882353,0.9411764705882353,1.0,0.9411764705882353,0.8888888888888888,0.9424836601307188,0.03517287332568292,1
110,0.002087306976318359,0.00035093641764173965,0.004485034942626953,0.00032016086099845997,100,poly,0.01,3,"{'C': 100, 'degree': 3, 'gamma': 0.01, 'kernel': 'poly'}",0.967741935483871,0.967741935483871,1.0,0.9666666666666667,0.9333333333333333,0.9670967741935484,0.02108843126388174,1,1.0,1.0,1.0,1.0,0.8888888888888888,0.9777777777777779,0.04444444444444447,1,0.8888888888888888,0.8888888888888888,1.0,0.8888888888888888,0.8888888888888888,0.9111111111111111,0.04444444444444447,3,0.9411764705882353,0.9411764705882353,1.0,0.9411764705882353,0.8888888888888888,0.9424836601307188,0.03517287332568292,1
111,0.0020331382751464845,0.00030265980202685854,0.004405879974365234,0.00015184883607913783,100,poly,0.1,3,"{'C': 100, 'degree': 3, 'gamma': 0.1, 'kernel': 'poly'}",0.967741935483871,0.967741935483871,1.0,0.9666666666666667,0.9333333333333333,0.9670967741935484,0.02108843126388174,1,1.0,1.0,1.0,1.0,0.8888888888888888,0.9777777777777779,0.04444444444444447,1,0.8888888888888888,0.8888888888888888,1.0,0.8888888888888888,0.8888888888888888,0.9111111111111111,0.04444444444444447,3,0.9411764705882353,0.9411764705882353,1.0,0.9411764705882353,0.8888888888888888,0.9424836601307188,0.03517287332568292,1
112,0.002042388916015625,0.00030650651889427673,0.004384613037109375,0.00012024104896411875,100,poly,1,3,"{'C': 100, 'degree': 3, 'gamma': 1, 'kernel': 'poly'}",0.967741935483871,0.967741935483871,1.0,0.9666666666666667,0.9333333333333333,0.9670967741935484,0.02108843126388174,1,1.0,1.0,1.0,1.0,0.8888888888888888,0.9777777777777779,0.04444444444444447,1,0.8888888888888888,0.8888888888888888,1.0,0.8888888888888888,0.8888888888888888,0.9111111111111111,0.04444444444444447,3,0.9411764705882353,0.9411764705882353,1.0,0.9411764705882353,0.8888888888888888,0.9424836601307188,0.03517287332568292,1
113,0.002232646942138672,3.378403885036422e-05,0.004369115829467774,6.65394774758096e-05,100,poly,0.001,5,"{'C': 100, 'degree': 5, 'gamma': 0.001, 'kernel': 'poly'}",0.967741935483871,0.967741935483871,0.967741935483871,0.9666666666666667,0.9333333333333333,0.9606451612903226,0.013662262515499868,19,1.0,1.0,1.0,1.0,0.8888888888888888,0.9777777777777779,0.04444444444444447,1,0.8888888888888888,0.8888888888888888,0.8888888888888888,0.8888888888888888,0.8888888888888888,0.888888888888889,1.1102230246251565e-16,28,0.9411764705882353,0.9411764705882353,0.9411764705882353,0.9411764705882353,0.8888888888888888,0.9307189542483659,0.020915032679738578,19
114,0.00240178108215332,0.00019576807227138395,0.004398250579833984,0.00012645678282789249,100,poly,0.01,5,"{'C': 100, 'degree': 5, 'gamma': 0.01, 'kernel': 'poly'}",0.967741935483871,0.967741935483871,0.967741935483871,0.9666666666666667,0.9333333333333333,0.9606451612903226,0.013662262515499868,19,1.0,1.0,1.0,1.0,0.8888888888888888,0.9777777777777779,0.04444444444444447,1,0.8888888888888888,0.8888888888888888,0.8888888888888888,0.8888888888888888,0.8888888888888888,0.888888888888889,1.1102230246251565e-16,28,0.9411764705882353,0.9411764705882353,0.9411764705882353,0.9411764705882353,0.8888888888888888,0.9307189542483659,0.020915032679738578,19
115,0.0022582054138183595,4.7299169624942885e-05,0.004324960708618164,0.00012153824318470499,100,poly,0.1,5,"{'C': 100, 'degree': 5, 'gamma': 0.1, 'kernel': 'poly'}",0.967741935483871,0.967741935483871,0.967741935483871,0.9666666666666667,0.9333333333333333,0.9606451612903226,0.013662262515499868,19,1.0,1.0,1.0,1.0,0.8888888888888888,0.9777777777777779,0.04444444444444447,1,0.8888888888888888,0.8888888888888888,0.8888888888888888,0.8888888888888888,0.8888888888888888,0.888888888888889,1.1102230246251565e-16,28,0.9411764705882353,0.9411764705882353,0.9411764705882353,0.9411764705882353,0.8888888888888888,0.9307189542483659,0.020915032679738578,19
116,0.0023355960845947267,0.0001706088035350172,0.004468584060668945,0.0001407859266862034,100,poly,1,5,"{'C': 100, 'degree': 5, 'gamma': 1, 'kernel': 'poly'}",0.967741935483871,0.967741935483871,0.967741935483871,0.9666666666666667,0.9333333333333333,0.9606451612903226,0.013662262515499868,19,1.0,1.0,1.0,1.0,0.8888888888888888,0.9777777777777779,0.04444444444444447,1,0.8888888888888888,0.8888888888888888,0.8888888888888888,0.8888888888888888,0.8888888888888888,0.888888888888889,1.1102230246251565e-16,28,0.9411764705882353,0.9411764705882353,0.9411764705882353,0.9411764705882353,0.8888888888888888,0.9307189542483659,0.020915032679738578,19
117,0.0024690151214599608,0.00010768492840311642,0.004658651351928711,0.00048734727397904183,100,poly,0.001,7,"{'C': 100, 'degree': 7, 'gamma': 0.001, 'kernel': 'poly'}",1.0,0.9354838709677419,0.9354838709677419,0.9666666666666667,0.9333333333333333,0.9541935483870969,0.026034831742660757,41,1.0,1.0,1.0,1.0,0.8888888888888888,0.9777777777777779,0.04444444444444447,1,1.0,0.7777777777777778,0.7777777777777778,0.8888888888888888,0.8888888888888888,0.8666666666666666,0.0831479419283098,67,1.0,0.8750000000000001,0.8750000000000001,0.9411764705882353,0.8888888888888888,0.9160130718954249,0.04855278810240875,63
118,0.0024376392364501955,2.0453146042295697e-05,0.0044497489929199215,0.00012961839132365235,100,poly,0.01,7,"{'C': 100, 'degree': 7, 'gamma': 0.01, 'kernel': 'poly'}",1.0,0.9354838709677419,0.9354838709677419,0.9666666666666667,0.9333333333333333,0.9541935483870969,0.026034831742660757,41,1.0,1.0,1.0,1.0,0.8888888888888888,0.9777777777777779,0.04444444444444447,1,1.0,0.7777777777777778,0.7777777777777778,0.8888888888888888,0.8888888888888888,0.8666666666666666,0.0831479419283098,67,1.0,0.8750000000000001,0.8750000000000001,0.9411764705882353,0.8888888888888888,0.9160130718954249,0.04855278810240875,63
119,0.0024257659912109374,4.531373253085843e-05,0.004612398147583008,0.00022266857582748078,100,poly,0.1,7,"{'C': 100, 'degree': 7, 'gamma': 0.1, 'kernel': 'poly'}",1.0,0.9354838709677419,0.9354838709677419,0.9666666666666667,0.9333333333333333,0.9541935483870969,0.026034831742660757,41,1.0,1.0,1.0,1.0,0.8888888888888888,0.9777777777777779,0.04444444444444447,1,1.0,0.7777777777777778,0.7777777777777778,0.8888888888888888,0.8888888888888888,0.8666666666666666,0.0831479419283098,67,1.0,0.8750000000000001,0.8750000000000001,0.9411764705882353,0.8888888888888888,0.9160130718954249,0.04855278810240875,63
120,0.0024198055267333984,8.97738368379592e-05,0.0044991493225097655,0.0002140082352191068,100,poly,1,7,"{'C': 100, 'degree': 7, 'gamma': 1, 'kernel': 'poly'}",1.0,0.9354838709677419,0.9354838709677419,0.9666666666666667,0.9333333333333333,0.9541935483870969,0.026034831742660757,41,1.0,1.0,1.0,1.0,0.8888888888888888,0.9777777777777779,0.04444444444444447,1,1.0,0.7777777777777778,0.7777777777777778,0.8888888888888888,0.8888888888888888,0.8666666666666666,0.0831479419283098,67,1.0,0.8750000000000001,0.8750000000000001,0.9411764705882353,0.8888888888888888,0.9160130718954249,0.04855278810240875,63
121,0.0026053428649902345,0.0001130937317392884,0.004502201080322265,0.0001098511733893358,100,poly,0.001,10,"{'C': 100, 'degree': 10, 'gamma': 0.001, 'kernel': 'poly'}",1.0,0.9354838709677419,0.9354838709677419,0.9333333333333333,0.9,0.9408602150537636,0.03250087825774203,82,1.0,1.0,1.0,1.0,0.875,0.975,0.049999999999999996,53,1.0,0.7777777777777778,0.7777777777777778,0.7777777777777778,0.7777777777777778,0.8222222222222222,0.08888888888888886,90,1.0,0.8750000000000001,0.8750000000000001,0.8750000000000001,0.823529411764706,0.8897058823529411,0.0586394177569908,83
122,0.0024841785430908202,3.395254687869775e-05,0.00443735122680664,8.332633494097417e-05,100,poly,0.01,10,"{'C': 100, 'degree': 10, 'gamma': 0.01, 'kernel': 'poly'}",1.0,0.9354838709677419,0.9354838709677419,0.9333333333333333,0.9,0.9408602150537636,0.03250087825774203,82,1.0,1.0,1.0,1.0,0.875,0.975,0.049999999999999996,53,1.0,0.7777777777777778,0.7777777777777778,0.7777777777777778,0.7777777777777778,0.8222222222222222,0.08888888888888886,90,1.0,0.8750000000000001,0.8750000000000001,0.8750000000000001,0.823529411764706,0.8897058823529411,0.0586394177569908,83
123,0.002649831771850586,0.00012136750635167404,0.004479789733886718,0.00013983940512330657,100,poly,0.1,10,"{'C': 100, 'degree': 10, 'gamma': 0.1, 'kernel': 'poly'}",1.0,0.9354838709677419,0.9354838709677419,0.9333333333333333,0.9,0.9408602150537636,0.03250087825774203,82,1.0,1.0,1.0,1.0,0.875,0.975,0.049999999999999996,53,1.0,0.7777777777777778,0.7777777777777778,0.7777777777777778,0.7777777777777778,0.8222222222222222,0.08888888888888886,90,1.0,0.8750000000000001,0.8750000000000001,0.8750000000000001,0.823529411764706,0.8897058823529411,0.0586394177569908,83
124,0.0026625633239746095,0.0001459249945845477,0.004596424102783203,0.0002545206673672449,100,poly,1,10,"{'C': 100, 'degree': 10, 'gamma': 1, 'kernel': 'poly'}",1.0,0.9354838709677419,0.9354838709677419,0.9333333333333333,0.9,0.9408602150537636,0.03250087825774203,82,1.0,1.0,1.0,1.0,0.875,0.975,0.049999999999999996,53,1.0,0.7777777777777778,0.7777777777777778,0.7777777777777778,0.7777777777777778,0.8222222222222222,0.08888888888888886,90,1.0,0.8750000000000001,0.8750000000000001,0.8750000000000001,0.823529411764706,0.8897058823529411,0.0586394177569908,83
125,0.001891946792602539,0.0003123883415416878,0.004324960708618164,0.00017592250230388256,1000,poly,0.001,2,"{'C': 1000, 'degree': 2, 'gamma': 0.001, 'kernel': 'poly'}",0.967741935483871,0.9354838709677419,1.0,0.9666666666666667,0.9,0.953978494623656,0.033835277321814544,58,1.0,0.8888888888888888,1.0,1.0,0.875,0.9527777777777778,0.05800170282728085,77,0.8888888888888888,0.8888888888888888,1.0,0.8888888888888888,0.7777777777777778,0.888888888888889,0.07027283689263066,28,0.9411764705882353,0.8888888888888888,1.0,0.9411764705882353,0.823529411764706,0.918954248366013,0.05927207345754055,41
126,0.0017943382263183594,9.472907519418328e-05,0.004412078857421875,0.00015871341259298836,1000,poly,0.01,2,"{'C': 1000, 'degree': 2, 'gamma': 0.01, 'kernel': 'poly'}",0.967741935483871,0.9354838709677419,1.0,0.9666666666666667,0.9,0.953978494623656,0.033835277321814544,58,1.0,0.8888888888888888,1.0,1.0,0.875,0.9527777777777778,0.05800170282728085,77,0.8888888888888888,0.8888888888888888,1.0,0.8888888888888888,0.7777777777777778,0.888888888888889,0.07027283689263066,28,0.9411764705882353,0.8888888888888888,1.0,0.9411764705882353,0.823529411764706,0.918954248366013,0.05927207345754055,41
127,0.0017851829528808595,3.8640760305066446e-05,0.004236412048339844,5.940813094639832e-05,1000,poly,0.1,2,"{'C': 1000, 'degree': 2, 'gamma': 0.1, 'kernel': 'poly'}",0.967741935483871,0.9354838709677419,1.0,0.9666666666666667,0.9,0.953978494623656,0.033835277321814544,58,1.0,0.8888888888888888,1.0,1.0,0.875,0.9527777777777778,0.05800170282728085,77,0.8888888888888888,0.8888888888888888,1.0,0.8888888888888888,0.7777777777777778,0.888888888888889,0.07027283689263066,28,0.9411764705882353,0.8888888888888888,1.0,0.9411764705882353,0.823529411764706,0.918954248366013,0.05927207345754055,41
128,0.0017871856689453125,0.0001492239012103299,0.004224634170532227,7.587071089369205e-05,1000,poly,1,2,"{'C': 1000, 'degree': 2, 'gamma': 1, 'kernel': 'poly'}",0.967741935483871,0.9354838709677419,1.0,0.9666666666666667,0.9,0.953978494623656,0.033835277321814544,58,1.0,0.8888888888888888,1.0,1.0,0.875,0.9527777777777778,0.05800170282728085,77,0.8888888888888888,0.8888888888888888,1.0,0.8888888888888888,0.7777777777777778,0.888888888888889,0.07027283689263066,28,0.9411764705882353,0.8888888888888888,1.0,0.9411764705882353,0.823529411764706,0.918954248366013,0.05927207345754055,41
129,0.0019776344299316405,0.00025979073018474674,0.004339933395385742,0.0001245464518723257,1000,poly,0.001,3,"{'C': 1000, 'degree': 3, 'gamma': 0.001, 'kernel': 'poly'}",0.967741935483871,0.967741935483871,1.0,0.9666666666666667,0.9333333333333333,0.9670967741935484,0.02108843126388174,1,1.0,1.0,1.0,1.0,0.8888888888888888,0.9777777777777779,0.04444444444444447,1,0.8888888888888888,0.8888888888888888,1.0,0.8888888888888888,0.8888888888888888,0.9111111111111111,0.04444444444444447,3,0.9411764705882353,0.9411764705882353,1.0,0.9411764705882353,0.8888888888888888,0.9424836601307188,0.03517287332568292,1
130,0.002028751373291016,0.0002541469318859263,0.004291105270385742,7.143227532195248e-05,1000,poly,0.01,3,"{'C': 1000, 'degree': 3, 'gamma': 0.01, 'kernel': 'poly'}",0.967741935483871,0.967741935483871,1.0,0.9666666666666667,0.9333333333333333,0.9670967741935484,0.02108843126388174,1,1.0,1.0,1.0,1.0,0.8888888888888888,0.9777777777777779,0.04444444444444447,1,0.8888888888888888,0.8888888888888888,1.0,0.8888888888888888,0.8888888888888888,0.9111111111111111,0.04444444444444447,3,0.9411764705882353,0.9411764705882353,1.0,0.9411764705882353,0.8888888888888888,0.9424836601307188,0.03517287332568292,1
131,0.0020281314849853516,0.00022700126273638864,0.00432734489440918,9.905658166856948e-05,1000,poly,0.1,3,"{'C': 1000, 'degree': 3, 'gamma': 0.1, 'kernel': 'poly'}",0.967741935483871,0.967741935483871,1.0,0.9666666666666667,0.9333333333333333,0.9670967741935484,0.02108843126388174,1,1.0,1.0,1.0,1.0,0.8888888888888888,0.9777777777777779,0.04444444444444447,1,0.8888888888888888,0.8888888888888888,1.0,0.8888888888888888,0.8888888888888888,0.9111111111111111,0.04444444444444447,3,0.9411764705882353,0.9411764705882353,1.0,0.9411764705882353,0.8888888888888888,0.9424836601307188,0.03517287332568292,1
132,0.00195465087890625,0.00023282594677955998,0.0043407917022705075,0.0001389353743413785,1000,poly,1,3,"{'C': 1000, 'degree': 3, 'gamma': 1, 'kernel': 'poly'}",0.967741935483871,0.967741935483871,1.0,0.9666666666666667,0.9333333333333333,0.9670967741935484,0.02108843126388174,1,1.0,1.0,1.0,1.0,0.8888888888888888,0.9777777777777779,0.04444444444444447,1,0.8888888888888888,0.8888888888888888,1.0,0.8888888888888888,0.8888888888888888,0.9111111111111111,0.04444444444444447,3,0.9411764705882353,0.9411764705882353,1.0,0.9411764705882353,0.8888888888888888,0.9424836601307188,0.03517287332568292,1
133,0.0024343490600585937,0.0003265693559892821,0.004683017730712891,0.0005129617257141836,1000,poly,0.001,5,"{'C': 1000, 'degree': 5, 'gamma': 0.001, 'kernel': 'poly'}",0.967741935483871,0.967741935483871,0.967741935483871,0.9666666666666667,0.9333333333333333,0.9606451612903226,0.013662262515499868,19,1.0,1.0,1.0,1.0,0.8888888888888888,0.9777777777777779,0.04444444444444447,1,0.8888888888888888,0.8888888888888888,0.8888888888888888,0.8888888888888888,0.8888888888888888,0.888888888888889,1.1102230246251565e-16,28,0.9411764705882353,0.9411764705882353,0.9411764705882353,0.9411764705882353,0.8888888888888888,0.9307189542483659,0.020915032679738578,19
134,0.002524137496948242,0.0002298791337460787,0.0052798748016357425,0.0005616826508425843,1000,poly,0.01,5,"{'C': 1000, 'degree': 5, 'gamma': 0.01, 'kernel': 'poly'}",0.967741935483871,0.967741935483871,0.967741935483871,0.9666666666666667,0.9333333333333333,0.9606451612903226,0.013662262515499868,19,1.0,1.0,1.0,1.0,0.8888888888888888,0.9777777777777779,0.04444444444444447,1,0.8888888888888888,0.8888888888888888,0.8888888888888888,0.8888888888888888,0.8888888888888888,0.888888888888889,1.1102230246251565e-16,28,0.9411764705882353,0.9411764705882353,0.9411764705882353,0.9411764705882353,0.8888888888888888,0.9307189542483659,0.020915032679738578,19
135,0.002614879608154297,0.00015118705446184186,0.004857349395751953,7.947795533692396e-05,1000,poly,0.1,5,"{'C': 1000, 'degree': 5, 'gamma': 0.1, 'kernel': 'poly'}",0.967741935483871,0.967741935483871,0.967741935483871,0.9666666666666667,0.9333333333333333,0.9606451612903226,0.013662262515499868,19,1.0,1.0,1.0,1.0,0.8888888888888888,0.9777777777777779,0.04444444444444447,1,0.8888888888888888,0.8888888888888888,0.8888888888888888,0.8888888888888888,0.8888888888888888,0.888888888888889,1.1102230246251565e-16,28,0.9411764705882353,0.9411764705882353,0.9411764705882353,0.9411764705882353,0.8888888888888888,0.9307189542483659,0.020915032679738578,19
136,0.002410411834716797,0.00015655341667912168,0.004775810241699219,0.000454991694798048,1000,poly,1,5,"{'C': 1000, 'degree': 5, 'gamma': 1, 'kernel': 'poly'}",0.967741935483871,0.967741935483871,0.967741935483871,0.9666666666666667,0.9333333333333333,0.9606451612903226,0.013662262515499868,19,1.0,1.0,1.0,1.0,0.8888888888888888,0.9777777777777779,0.04444444444444447,1,0.8888888888888888,0.8888888888888888,0.8888888888888888,0.8888888888888888,0.8888888888888888,0.888888888888889,1.1102230246251565e-16,28,0.9411764705882353,0.9411764705882353,0.9411764705882353,0.9411764705882353,0.8888888888888888,0.9307189542483659,0.020915032679738578,19
137,0.0027521610260009765,0.0005723167468460646,0.004752254486083985,0.0004253640990548172,1000,poly,0.001,7,"{'C': 1000, 'degree': 7, 'gamma': 0.001, 'kernel': 'poly'}",1.0,0.9354838709677419,0.9354838709677419,0.9666666666666667,0.9333333333333333,0.9541935483870969,0.026034831742660757,41,1.0,1.0,1.0,1.0,0.8888888888888888,0.9777777777777779,0.04444444444444447,1,1.0,0.7777777777777778,0.7777777777777778,0.8888888888888888,0.8888888888888888,0.8666666666666666,0.0831479419283098,67,1.0,0.8750000000000001,0.8750000000000001,0.9411764705882353,0.8888888888888888,0.9160130718954249,0.04855278810240875,63
138,0.002693796157836914,0.00020466512969754332,0.005454206466674804,0.0003773167147220636,1000,poly,0.01,7,"{'C': 1000, 'degree': 7, 'gamma': 0.01, 'kernel': 'poly'}",1.0,0.9354838709677419,0.9354838709677419,0.9666666666666667,0.9333333333333333,0.9541935483870969,0.026034831742660757,41,1.0,1.0,1.0,1.0,0.8888888888888888,0.9777777777777779,0.04444444444444447,1,1.0,0.7777777777777778,0.7777777777777778,0.8888888888888888,0.8888888888888888,0.8666666666666666,0.0831479419283098,67,1.0,0.8750000000000001,0.8750000000000001,0.9411764705882353,0.8888888888888888,0.9160130718954249,0.04855278810240875,63
139,0.0026944160461425783,6.27658633954723e-05,0.004932832717895508,0.00023654215556665622,1000,poly,0.1,7,"{'C': 1000, 'degree': 7, 'gamma': 0.1, 'kernel': 'poly'}",1.0,0.9354838709677419,0.9354838709677419,0.9666666666666667,0.9333333333333333,0.9541935483870969,0.026034831742660757,41,1.0,1.0,1.0,1.0,0.8888888888888888,0.9777777777777779,0.04444444444444447,1,1.0,0.7777777777777778,0.7777777777777778,0.8888888888888888,0.8888888888888888,0.8666666666666666,0.0831479419283098,67,1.0,0.8750000000000001,0.8750000000000001,0.9411764705882353,0.8888888888888888,0.9160130718954249,0.04855278810240875,63
140,0.0026877880096435546,0.00014719713608704203,0.004897022247314453,0.00014654367272392895,1000,poly,1,7,"{'C': 1000, 'degree': 7, 'gamma': 1, 'kernel': 'poly'}",1.0,0.9354838709677419,0.9354838709677419,0.9666666666666667,0.9333333333333333,0.9541935483870969,0.026034831742660757,41,1.0,1.0,1.0,1.0,0.8888888888888888,0.9777777777777779,0.04444444444444447,1,1.0,0.7777777777777778,0.7777777777777778,0.8888888888888888,0.8888888888888888,0.8666666666666666,0.0831479419283098,67,1.0,0.8750000000000001,0.8750000000000001,0.9411764705882353,0.8888888888888888,0.9160130718954249,0.04855278810240875,63
141,0.0026458263397216796,0.00012002537813045244,0.004790353775024414,0.0003231030216975517,1000,poly,0.001,10,"{'C': 1000, 'degree': 10, 'gamma': 0.001, 'kernel': 'poly'}",1.0,0.9354838709677419,0.9354838709677419,0.9333333333333333,0.9,0.9408602150537636,0.03250087825774203,82,1.0,1.0,1.0,1.0,0.875,0.975,0.049999999999999996,53,1.0,0.7777777777777778,0.7777777777777778,0.7777777777777778,0.7777777777777778,0.8222222222222222,0.08888888888888886,90,1.0,0.8750000000000001,0.8750000000000001,0.8750000000000001,0.823529411764706,0.8897058823529411,0.0586394177569908,83
142,0.002536773681640625,8.21565654246212e-05,0.0044615745544433595,0.00014458779883701114,1000,poly,0.01,10,"{'C': 1000, 'degree': 10, 'gamma': 0.01, 'kernel': 'poly'}",1.0,0.9354838709677419,0.9354838709677419,0.9333333333333333,0.9,0.9408602150537636,0.03250087825774203,82,1.0,1.0,1.0,1.0,0.875,0.975,0.049999999999999996,53,1.0,0.7777777777777778,0.7777777777777778,0.7777777777777778,0.7777777777777778,0.8222222222222222,0.08888888888888886,90,1.0,0.8750000000000001,0.8750000000000001,0.8750000000000001,0.823529411764706,0.8897058823529411,0.0586394177569908,83
143,0.0026173114776611326,0.00010565697883032112,0.004498291015625,0.00013563594199487465,1000,poly,0.1,10,"{'C': 1000, 'degree': 10, 'gamma': 0.1, 'kernel': 'poly'}",1.0,0.9354838709677419,0.9354838709677419,0.9333333333333333,0.9,0.9408602150537636,0.03250087825774203,82,1.0,1.0,1.0,1.0,0.875,0.975,0.049999999999999996,53,1.0,0.7777777777777778,0.7777777777777778,0.7777777777777778,0.7777777777777778,0.8222222222222222,0.08888888888888886,90,1.0,0.8750000000000001,0.8750000000000001,0.8750000000000001,0.823529411764706,0.8897058823529411,0.0586394177569908,83
144,0.0027206897735595702,0.0002734205470753011,0.004712295532226562,0.0003680770670588356,1000,poly,1,10,"{'C': 1000, 'degree': 10, 'gamma': 1, 'kernel': 'poly'}",1.0,0.9354838709677419,0.9354838709677419,0.9333333333333333,0.9,0.9408602150537636,0.03250087825774203,82,1.0,1.0,1.0,1.0,0.875,0.975,0.049999999999999996,53,1.0,0.7777777777777778,0.7777777777777778,0.7777777777777778,0.7777777777777778,0.8222222222222222,0.08888888888888886,90,1.0,0.8750000000000001,0.8750000000000001,0.8750000000000001,0.823529411764706,0.8897058823529411,0.0586394177569908,83
